{
  "qgis-server-2.18": {
    "duration": 11.719413916998747,
    "success": {
      "http://localhost:8080/ows/somap218?SERVICE=WMS&REQUEST=GetCapabilities": {
        "duration": 5.504375068001536,
        "result": 200
      },
      "http://localhost:8080/ows/somap218?REQUEST=GetCapabilities&SERVICE=WMS": {
        "duration": 0.028925628001161385,
        "result": 200
      },
      "http://localhost:8080/ows/somap218?CRS=EPSG:2056&REQUEST=GetMap&FORMAT_OPTIONS=dpi:96&WIDTH=1514&HEIGHT=851&SERVICE=WMS&VERSION=1.3.0&DPI=96&OPACITIES=255&STYLES=&FORMAT=image/jpeg&LAYERS=ch.so.agi.hintergrundkarte_ortho&BBOX=2614418.34213601891,1240387.75146049005,2616463.403778801672,1241538.01415580255&MAP_RESOLUTION=96": {
        "duration": 6.185828295001556,
        "result": 200
      }
    },
    "error": {}
  },
  "qgis-server-3.10-oldfile": {
    "duration": 64.34501627400095,
    "success": {
      "http://localhost:8081/ogc/somap218?SERVICE=WMS&REQUEST=GetCapabilities": {
        "duration": 57.39610876000006,
        "result": 200
      },
      "http://localhost:8081/ogc/somap218?REQUEST=GetCapabilities&SERVICE=WMS": {
        "duration": 0.07360184199933428,
        "result": 200
      },
      "http://localhost:8081/ogc/somap218?CRS=EPSG:2056&REQUEST=GetMap&FORMAT_OPTIONS=dpi:96&WIDTH=1514&HEIGHT=851&SERVICE=WMS&VERSION=1.3.0&DPI=96&OPACITIES=255&STYLES=&FORMAT=image/jpeg&LAYERS=ch.so.agi.hintergrundkarte_ortho&BBOX=2614418.34213601891,1240387.75146049005,2616463.403778801672,1241538.01415580255&MAP_RESOLUTION=96": {
        "duration": 6.875023859000066,
        "result": 200
      }
    },
    "error": {}
  },
  "qgis-server-3.10": {
    "duration": 22.419758735999494,
    "success": {
      "http://localhost:8081/ogc/somap310?SERVICE=WMS&REQUEST=GetCapabilities": {
        "duration": 20.862341976000607,
        "result": 200
      },
      "http://localhost:8081/ogc/somap310?REQUEST=GetCapabilities&SERVICE=WMS": {
        "duration": 0.07260570700236713,
        "result": 200
      },
      "http://localhost:8081/ogc/somap310?CRS=EPSG:2056&REQUEST=GetMap&FORMAT_OPTIONS=dpi:96&WIDTH=1514&HEIGHT=851&SERVICE=WMS&VERSION=1.3.0&DPI=96&OPACITIES=255&STYLES=&FORMAT=image/jpeg&LAYERS=ch.so.agi.hintergrundkarte_ortho&BBOX=2614418.34213601891,1240387.75146049005,2616463.403778801672,1241538.01415580255&MAP_RESOLUTION=96": {
        "duration": 1.484499402999063,
        "result": 200
      }
    },
    "error": {}
  },
  "qgis-server-3.14-oldfile": {
    "duration": 65.37354178999885,
    "success": {
      "http://localhost:8082/ogc/somap218?SERVICE=WMS&REQUEST=GetCapabilities": {
        "duration": 57.83703189899825,
        "result": 200
      },
      "http://localhost:8082/ogc/somap218?REQUEST=GetCapabilities&SERVICE=WMS": {
        "duration": 0.07509820199993555,
        "result": 200
      },
      "http://localhost:8082/ogc/somap218?CRS=EPSG:2056&REQUEST=GetMap&FORMAT_OPTIONS=dpi:96&WIDTH=1514&HEIGHT=851&SERVICE=WMS&VERSION=1.3.0&DPI=96&OPACITIES=255&STYLES=&FORMAT=image/jpeg&LAYERS=ch.so.agi.hintergrundkarte_ortho&BBOX=2614418.34213601891,1240387.75146049005,2616463.403778801672,1241538.01415580255&MAP_RESOLUTION=96": {
        "duration": 7.461119966999831,
        "result": 200
      }
    },
    "error": {}
  },
  "qgis-server-3.14-ltrfile": {
    "duration": 23.204008470998815,
    "success": {
      "http://localhost:8082/ogc/somap310?SERVICE=WMS&REQUEST=GetCapabilities": {
        "duration": 21.107320636998338,
        "result": 200
      },
      "http://localhost:8082/ogc/somap310?REQUEST=GetCapabilities&SERVICE=WMS": {
        "duration": 0.07791566599917132,
        "result": 200
      },
      "http://localhost:8082/ogc/somap310?CRS=EPSG:2056&REQUEST=GetMap&FORMAT_OPTIONS=dpi:96&WIDTH=1514&HEIGHT=851&SERVICE=WMS&VERSION=1.3.0&DPI=96&OPACITIES=255&STYLES=&FORMAT=image/jpeg&LAYERS=ch.so.agi.hintergrundkarte_ortho&BBOX=2614418.34213601891,1240387.75146049005,2616463.403778801672,1241538.01415580255&MAP_RESOLUTION=96": {
        "duration": 2.0185146930016344,
        "result": 200
      }
    },
    "error": {}
  },
  "qgis-server-3.14": {
    "duration": 25.171270859002107,
    "success": {
      "http://localhost:8082/ogc/somap314?SERVICE=WMS&REQUEST=GetCapabilities": {
        "duration": 22.979528047999338,
        "result": 200
      },
      "http://localhost:8082/ogc/somap314?REQUEST=GetCapabilities&SERVICE=WMS": {
        "duration": 0.07953095300035784,
        "result": 200
      },
      "http://localhost:8082/ogc/somap314?CRS=EPSG:2056&REQUEST=GetMap&FORMAT_OPTIONS=dpi:96&WIDTH=1514&HEIGHT=851&SERVICE=WMS&VERSION=1.3.0&DPI=96&OPACITIES=255&STYLES=&FORMAT=image/jpeg&LAYERS=ch.so.agi.hintergrundkarte_ortho&BBOX=2614418.34213601891,1240387.75146049005,2616463.403778801672,1241538.01415580255&MAP_RESOLUTION=96": {
        "duration": 2.1119751120022556,
        "result": 200
      }
    },
    "error": {}
  }
}