{
  "qgis-server-2.18": {
    "duration": 77.84136211200166,
    "success": {
      "http://localhost:8080/ows/somap218?SELECTION=ch.so.afu.geotope.flaechenobjekte:2144&FORMAT_OPTIONS=dpi:300&OPACITIES=255&STYLES=&FORMAT=image/png&SERVICE=WMS&VERSION=1.3.0&WIDTH=1800&REQUEST=GetMap&BBOX=2603740.432290613,1231843.4310853197,2613169.242323269,1236557.8361016475&HEIGHT=900&LAYERS=ch.so.agi.hintergrundkarte_sw&SRS=EPSG:2056": {
        "duration": 10.351011938000738,
        "result": 200
      },
      "http://localhost:8080/ows/somap218?FORMAT=image/jpeg&FORMAT_OPTIONS=dpi:96&OPACITIES=255&CRS=EPSG:2056&DPI=96&STYLES=&MAP_RESOLUTION=96&VERSION=1.3.0&WIDTH=1514&REQUEST=GetMap&SERVICE=WMS&HEIGHT=851&BBOX=2614418.34213601891,1240387.75146049005,2616463.403778801672,1241538.01415580255&LAYERS=ch.so.agi.hintergrundkarte_ortho": {
        "duration": 6.0628411500001675,
        "result": 200
      },
      "http://localhost:8080/ows/somap218?TILED=false&CRS=EPSG:2056&DPI=96&HEIGHT=1177&OPACITIES=255&SERVICE=WMS&REQUEST=GetMap&WIDTH=1892&LAYERS=ch.so.agi.av.grundstuecke&STYLES=&T=750&SRS=EPSG:2056&TRANSPARENT=true&VERSION=1.3.0&FORMAT=image/png&BBOX=2606595.6250000005,1227402.6125,2608597.9916666667,1228648.2708333333": {
        "duration": 0.2575043059987365,
        "result": 200
      },
      "http://localhost:8080/ows/somap218?SELECTION=ch.so.afu.geotope.flaechenobjekte:2144&BBOX=2603740.432290613,1231843.4310853197,2613169.242323269,1236557.8361016475&REQUEST=GetMap&SERVICE=WMS&WIDTH=1800&HEIGHT=900&VERSION=1.3.0&FORMAT=image/png&SRS=EPSG:2056&FORMAT_OPTIONS=dpi:300&STYLES=&LAYERS=ch.so.agi.hintergrundkarte_sw&OPACITIES=255": {
        "duration": 10.352017181998235,
        "result": 200
      },
      "http://localhost:8080/ows/somap218?CRS=EPSG:2056&REQUEST=GetMap&TRANSPARENT=true&WIDTH=1892&HEIGHT=1177&SERVICE=WMS&SRS=EPSG:2056&VERSION=1.3.0&DPI=96&OPACITIES=255&STYLES=&FORMAT=image/png&LAYERS=ch.so.agi.av.grundstuecke&BBOX=2606595.6250000005,1227402.6125,2608597.9916666667,1228648.2708333333&TILED=false&T=750": {
        "duration": 0.27299060099903727,
        "result": 200
      },
      "http://localhost:8080/ows/somap218?VERSION=1.3.0&BBOX=2600409.1595101007,1215429.0057070707,2600742.541489899,1215626.4982929293&T=675&SRS=EPSG:2056&REQUEST=GetMap&STYLES=&OPACITIES=255&LAYERS=ch.so.agi.grundbuchplan_oereb&DPI=300&TRANSPARENT=true&TILED=false&HEIGHT=1169&SERVICE=WMS&FORMAT=image/png&WIDTH=2055&CRS=EPSG:2056": {
        "duration": 0.43484771400108,
        "result": 200
      },
      "http://localhost:8080/ows/somap218?SERVICE=WMS&REQUEST=GetCapabilities": {
        "duration": 0.02867858600075124,
        "result": 200
      },
      "http://localhost:8080/ows/somap218?LAYERS=ch.so.agi.hintergrundkarte_sw&HEIGHT=900&OPACITIES=255&SELECTION=ch.so.afu.geotope.flaechenobjekte:2144&REQUEST=GetMap&WIDTH=1800&STYLES=&SRS=EPSG:2056&BBOX=2603740.432290613,1231843.4310853197,2613169.242323269,1236557.8361016475&SERVICE=WMS&VERSION=1.3.0&FORMAT=image/png&FORMAT_OPTIONS=dpi:300": {
        "duration": 10.468856362000224,
        "result": 200
      },
      "http://localhost:8080/ows/somap218?REQUEST=GetCapabilities&SERVICE=WMS": {
        "duration": 0.03708200799883343,
        "result": 200
      },
      "http://localhost:8080/ows/somap218?REQUEST=GetMap&FORMAT_OPTIONS=dpi:300&WIDTH=1800&HEIGHT=900&SERVICE=WMS&SRS=EPSG:2056&VERSION=1.3.0&SELECTION=ch.so.afu.geotope.flaechenobjekte:2144&OPACITIES=255&STYLES=&FORMAT=image/png&LAYERS=ch.so.agi.hintergrundkarte_sw&BBOX=2603740.432290613,1231843.4310853197,2613169.242323269,1236557.8361016475": {
        "duration": 10.310248852998484,
        "result": 200
      },
      "http://localhost:8080/ows/somap218?FORMAT=image/png&STYLES=&CRS=EPSG:2056&TILED=false&VERSION=1.3.0&HEIGHT=1177&REQUEST=GetMap&TRANSPARENT=true&OPACITIES=255&LAYERS=ch.so.agi.av.grundstuecke&DPI=96&T=750&SRS=EPSG:2056&SERVICE=WMS&WIDTH=1892&BBOX=2606595.6250000005,1227402.6125,2608597.9916666667,1228648.2708333333": {
        "duration": 0.2580045479990076,
        "result": 200
      },
      "http://localhost:8080/ows/somap218?BBOX=2603740.432290613,1231843.4310853197,2613169.242323269,1236557.8361016475&REQUEST=GetMap&SRS=EPSG:2056&FORMAT_OPTIONS=dpi:300&STYLES=&SELECTION=ch.so.afu.geotope.flaechenobjekte:2144&OPACITIES=255&LAYERS=ch.so.agi.hintergrundkarte_sw&VERSION=1.3.0&HEIGHT=900&SERVICE=WMS&FORMAT=image/png&WIDTH=1800": {
        "duration": 10.319078699001693,
        "result": 200
      },
      "http://localhost:8080/ows/somap218?TILED=false&CRS=EPSG:2056&DPI=300&HEIGHT=1169&OPACITIES=255&SERVICE=WMS&REQUEST=GetMap&WIDTH=2055&LAYERS=ch.so.agi.hintergrundkarte_sw&STYLES=&T=675&SRS=EPSG:2056&TRANSPARENT=true&VERSION=1.3.0&FORMAT=image/png&BBOX=2600409.1595101007,1215429.0057070707,2600742.541489899,1215626.4982929293": {
        "duration": 0.4889068490010686,
        "result": 200
      },
      "http://localhost:8080/ows/somap218?FORMAT=image/png&STYLES=&CRS=EPSG:2056&TILED=false&VERSION=1.3.0&HEIGHT=1169&REQUEST=GetMap&TRANSPARENT=true&OPACITIES=255&LAYERS=ch.so.agi.grundbuchplan_oereb&DPI=300&T=675&SRS=EPSG:2056&SERVICE=WMS&WIDTH=2055&BBOX=2600409.1595101007,1215429.0057070707,2600742.541489899,1215626.4982929293": {
        "duration": 0.4021913830001722,
        "result": 200
      },
      "http://localhost:8080/ows/somap218?VERSION=1.3.0&BBOX=2600409.1595101007,1215429.0057070707,2600742.541489899,1215626.4982929293&T=675&SRS=EPSG:2056&REQUEST=GetMap&STYLES=&OPACITIES=255&LAYERS=ch.so.agi.hintergrundkarte_sw&DPI=300&TRANSPARENT=true&TILED=false&HEIGHT=1169&SERVICE=WMS&FORMAT=image/png&WIDTH=2055&CRS=EPSG:2056": {
        "duration": 0.47916678999899887,
        "result": 200
      },
      "http://localhost:8080/ows/somap218?TILED=false&CRS=EPSG:2056&DPI=300&HEIGHT=1169&OPACITIES=255&SERVICE=WMS&REQUEST=GetMap&WIDTH=2055&LAYERS=ch.so.agi.grundbuchplan_oereb&STYLES=&T=675&SRS=EPSG:2056&TRANSPARENT=true&VERSION=1.3.0&FORMAT=image/png&BBOX=2600409.1595101007,1215429.0057070707,2600742.541489899,1215626.4982929293": {
        "duration": 0.4200585010003124,
        "result": 200
      },
      "http://localhost:8080/ows/somap218?CRS=EPSG:2056&REQUEST=GetMap&FORMAT_OPTIONS=dpi:96&WIDTH=1514&HEIGHT=851&SERVICE=WMS&VERSION=1.3.0&DPI=96&OPACITIES=255&STYLES=&FORMAT=image/jpeg&LAYERS=ch.so.agi.hintergrundkarte_ortho&BBOX=2614418.34213601891,1240387.75146049005,2616463.403778801672,1241538.01415580255&MAP_RESOLUTION=96": {
        "duration": 6.072709215000941,
        "result": 200
      },
      "http://localhost:8080/ows/somap218?VERSION=1.3.0&SERVICE=WMS&REQUEST=GetCapabilities": {
        "duration": 0.030858111997076776,
        "result": 200
      },
      "http://localhost:8080/ows/somap218?STYLES=&FORMAT=image/png&SELECTION=ch.so.afu.geotope.flaechenobjekte:2144&FORMAT_OPTIONS=dpi:300&OPACITIES=255&VERSION=1.3.0&REQUEST=GetMap&HEIGHT=900&LAYERS=ch.so.agi.hintergrundkarte_sw&SRS=EPSG:2056&SERVICE=WMS&WIDTH=1800&BBOX=2603740.432290613,1231843.4310853197,2613169.242323269,1236557.8361016475": {
        "duration": 10.355412190001516,
        "result": 200
      },
      "http://localhost:8080/ows/somap218?VERSION=1.3.0&BBOX=2606595.6250000005,1227402.6125,2608597.9916666667,1228648.2708333333&T=750&SRS=EPSG:2056&REQUEST=GetMap&STYLES=&OPACITIES=255&LAYERS=ch.so.agi.av.grundstuecke&DPI=96&TRANSPARENT=true&TILED=false&HEIGHT=1177&SERVICE=WMS&FORMAT=image/png&WIDTH=1892&CRS=EPSG:2056": {
        "duration": 0.2628482809996058,
        "result": 200
      }
    },
    "error": {
      "http://localhost:8080/ows/somap218": {
        "duration": 0.005324150999513222,
        "result": "<ServiceExceptionReport version=\"1.3.0\" xmlns=\"http://www.opengis.net/ogc\">\n <ServiceException code=\"Service configuration error\">Service unknown or unsupported</ServiceException>\n</ServiceExceptionReport>\n"
      },
      "http://localhost:8080/ows/somap218?FORMAT=image/png&STYLES=&CRS=EPSG:2056&TILED=false&VERSION=1.3.0&HEIGHT=710&REQUEST=GetMap&TRANSPARENT=true&OPACITIES=255&LAYERS=ch.so.agi.gemeindegrenzen&DPI=96&T=675&SRS=EPSG:2056&SERVICE=WMS&WIDTH=1920&BBOX=2605392,1233953,2606408,1234329": {
        "duration": 0.01619171100173844,
        "result": "<ServiceExceptionReport version=\"1.3.0\" xmlns=\"http://www.opengis.net/ogc\">\n <ServiceException code=\"LayerNotDefined\">Layer 'ch.so.agi.gemeindegrenzen' and/or style '' not defined</ServiceException>\n</ServiceExceptionReport>\n"
      },
      "http://localhost:8080/ows/somap218?VERSION=1.3.0&BBOX=2573813.75,1204674.375,2673932.083333333,1266957.2916666665&T=492&SRS=EPSG:2056&REQUEST=GetMap&STYLES=&OPACITIES=153,153&LAYERS=ch.so.afu.luftbelastung.feinstaub_2010,ch.so.afu.luftbelastung.stickstoffdioxid_2010&DPI=96&TRANSPARENT=true&TILED=false&HEIGHT=1177&SERVICE=WMS&FORMAT=image/png&WIDTH=1892&CRS=EPSG:2056": {
        "duration": 0.017772299997886876,
        "result": "<ServiceExceptionReport version=\"1.3.0\" xmlns=\"http://www.opengis.net/ogc\">\n <ServiceException code=\"LayerNotDefined\">Layer 'ch.so.afu.luftbelastung.feinstaub_2010' and/or style '' not defined</ServiceException>\n</ServiceExceptionReport>\n"
      },
      "http://localhost:8080/ows/somap218?CRS=EPSG:2056&T=675&SRS=EPSG:2056&REQUEST=GetMap&SERVICE=WMS&DPI=96&STYLES=&WIDTH=1920&HEIGHT=710&VERSION=1.3.0&FORMAT=image/png&TRANSPARENT=true&BBOX=2605392,1233953,2606408,1234329&TILED=false&LAYERS=ch.so.agi.gemeindegrenzen&OPACITIES=255": {
        "duration": 0.011532328997418517,
        "result": "<ServiceExceptionReport version=\"1.3.0\" xmlns=\"http://www.opengis.net/ogc\">\n <ServiceException code=\"LayerNotDefined\">Layer 'ch.so.agi.gemeindegrenzen' and/or style '' not defined</ServiceException>\n</ServiceExceptionReport>\n"
      },
      "http://localhost:8080/ows/somap218?FORMAT=image/png&OPACITIES=255&CRS=EPSG:2056&STYLES=&T=675&DPI=96&SERVICE=WMS&VERSION=1.3.0&WIDTH=1920&TILED=false&REQUEST=GetMap&TRANSPARENT=true&BBOX=2605392,1233953,2606408,1234329&HEIGHT=710&LAYERS=ch.so.agi.gemeindegrenzen&SRS=EPSG:2056": {
        "duration": 0.019433347002632217,
        "result": "<ServiceExceptionReport version=\"1.3.0\" xmlns=\"http://www.opengis.net/ogc\">\n <ServiceException code=\"LayerNotDefined\">Layer 'ch.so.agi.gemeindegrenzen' and/or style '' not defined</ServiceException>\n</ServiceExceptionReport>\n"
      },
      "http://localhost:8080/ows/somap218?TILED=false&CRS=EPSG:2056&DPI=96&HEIGHT=710&OPACITIES=255&SERVICE=WMS&REQUEST=GetMap&WIDTH=1920&LAYERS=ch.so.agi.gemeindegrenzen&STYLES=&T=675&SRS=EPSG:2056&TRANSPARENT=true&VERSION=1.3.0&FORMAT=image/png&BBOX=2605392,1233953,2606408,1234329": {
        "duration": 0.01412278200223227,
        "result": "<ServiceExceptionReport version=\"1.3.0\" xmlns=\"http://www.opengis.net/ogc\">\n <ServiceException code=\"LayerNotDefined\">Layer 'ch.so.agi.gemeindegrenzen' and/or style '' not defined</ServiceException>\n</ServiceExceptionReport>\n"
      },
      "http://localhost:8080/ows/somap218?CRS=EPSG:2056&REQUEST=GetMap&TRANSPARENT=true&WIDTH=1920&HEIGHT=710&SERVICE=WMS&SRS=EPSG:2056&VERSION=1.3.0&DPI=96&OPACITIES=255&STYLES=&FORMAT=image/png&LAYERS=ch.so.agi.gemeindegrenzen&BBOX=2605392,1233953,2606408,1234329&TILED=false&T=675": {
        "duration": 0.011901948997547152,
        "result": "<ServiceExceptionReport version=\"1.3.0\" xmlns=\"http://www.opengis.net/ogc\">\n <ServiceException code=\"LayerNotDefined\">Layer 'ch.so.agi.gemeindegrenzen' and/or style '' not defined</ServiceException>\n</ServiceExceptionReport>\n"
      },
      "http://localhost:8080/ows/somap218?FORMAT=image/png&OPACITIES=153,153&CRS=EPSG:2056&STYLES=&T=492&DPI=96&SERVICE=WMS&VERSION=1.3.0&WIDTH=1892&TILED=false&REQUEST=GetMap&TRANSPARENT=true&BBOX=2573813.75,1204674.375,2673932.083333333,1266957.2916666665&HEIGHT=1177&LAYERS=ch.so.afu.luftbelastung.feinstaub_2010,ch.so.afu.luftbelastung.stickstoffdioxid_2010&SRS=EPSG:2056": {
        "duration": 0.020819085999391973,
        "result": "<ServiceExceptionReport version=\"1.3.0\" xmlns=\"http://www.opengis.net/ogc\">\n <ServiceException code=\"LayerNotDefined\">Layer 'ch.so.afu.luftbelastung.feinstaub_2010' and/or style '' not defined</ServiceException>\n</ServiceExceptionReport>\n"
      },
      "http://localhost:8080/ows/somap218?FORMAT=image/png&STYLES=&CRS=EPSG:2056&TILED=false&VERSION=1.3.0&HEIGHT=1177&REQUEST=GetMap&TRANSPARENT=true&OPACITIES=153,153&LAYERS=ch.so.afu.luftbelastung.feinstaub_2010,ch.so.afu.luftbelastung.stickstoffdioxid_2010&DPI=96&T=492&SRS=EPSG:2056&SERVICE=WMS&WIDTH=1892&BBOX=2573813.75,1204674.375,2673932.083333333,1266957.2916666665": {
        "duration": 0.019205458000215003,
        "result": "<ServiceExceptionReport version=\"1.3.0\" xmlns=\"http://www.opengis.net/ogc\">\n <ServiceException code=\"LayerNotDefined\">Layer 'ch.so.afu.luftbelastung.feinstaub_2010' and/or style '' not defined</ServiceException>\n</ServiceExceptionReport>\n"
      },
      "http://localhost:8080/ows/somap218?TILED=false&CRS=EPSG:2056&DPI=96&HEIGHT=1177&OPACITIES=153,153&SERVICE=WMS&REQUEST=GetMap&WIDTH=1892&LAYERS=ch.so.afu.luftbelastung.feinstaub_2010,ch.so.afu.luftbelastung.stickstoffdioxid_2010&STYLES=&T=492&SRS=EPSG:2056&TRANSPARENT=true&VERSION=1.3.0&FORMAT=image/png&BBOX=2573813.75,1204674.375,2673932.083333333,1266957.2916666665": {
        "duration": 0.020924819000356365,
        "result": "<ServiceExceptionReport version=\"1.3.0\" xmlns=\"http://www.opengis.net/ogc\">\n <ServiceException code=\"LayerNotDefined\">Layer 'ch.so.afu.luftbelastung.feinstaub_2010' and/or style '' not defined</ServiceException>\n</ServiceExceptionReport>\n"
      },
      "http://localhost:8080/ows/somap218?VERSION=1.3.0&BBOX=2605392,1233953,2606408,1234329&T=675&SRS=EPSG:2056&REQUEST=GetMap&STYLES=&OPACITIES=255&LAYERS=ch.so.agi.gemeindegrenzen&DPI=96&TRANSPARENT=true&TILED=false&HEIGHT=710&SERVICE=WMS&FORMAT=image/png&WIDTH=1920&CRS=EPSG:2056": {
        "duration": 0.01692966400150908,
        "result": "<ServiceExceptionReport version=\"1.3.0\" xmlns=\"http://www.opengis.net/ogc\">\n <ServiceException code=\"LayerNotDefined\">Layer 'ch.so.agi.gemeindegrenzen' and/or style '' not defined</ServiceException>\n</ServiceExceptionReport>\n"
      }
    }
  },
  "qgis-server-3.10-oldfile": {
    "duration": 115.98585363099846,
    "success": {
      "http://localhost:8081/ogc/somap218?SELECTION=ch.so.afu.geotope.flaechenobjekte:2144&FORMAT_OPTIONS=dpi:300&OPACITIES=255&STYLES=&FORMAT=image/png&SERVICE=WMS&VERSION=1.3.0&WIDTH=1800&REQUEST=GetMap&BBOX=2603740.432290613,1231843.4310853197,2613169.242323269,1236557.8361016475&HEIGHT=900&LAYERS=ch.so.agi.hintergrundkarte_sw&SRS=EPSG:2056": {
        "duration": 12.061001034999208,
        "result": 200
      },
      "http://localhost:8081/ogc/somap218?FORMAT=image/jpeg&FORMAT_OPTIONS=dpi:96&OPACITIES=255&CRS=EPSG:2056&DPI=96&STYLES=&MAP_RESOLUTION=96&VERSION=1.3.0&WIDTH=1514&REQUEST=GetMap&SERVICE=WMS&HEIGHT=851&BBOX=2614418.34213601891,1240387.75146049005,2616463.403778801672,1241538.01415580255&LAYERS=ch.so.agi.hintergrundkarte_ortho": {
        "duration": 6.8528116999987105,
        "result": 200
      },
      "http://localhost:8081/ogc/somap218?FORMAT=image/png&STYLES=&CRS=EPSG:2056&TILED=false&VERSION=1.3.0&HEIGHT=710&REQUEST=GetMap&TRANSPARENT=true&OPACITIES=255&LAYERS=ch.so.agi.gemeindegrenzen&DPI=96&T=675&SRS=EPSG:2056&SERVICE=WMS&WIDTH=1920&BBOX=2605392,1233953,2606408,1234329": {
        "duration": 1.42754531600076,
        "result": 200
      },
      "http://localhost:8081/ogc/somap218?TILED=false&CRS=EPSG:2056&DPI=96&HEIGHT=1177&OPACITIES=255&SERVICE=WMS&REQUEST=GetMap&WIDTH=1892&LAYERS=ch.so.agi.av.grundstuecke&STYLES=&T=750&SRS=EPSG:2056&TRANSPARENT=true&VERSION=1.3.0&FORMAT=image/png&BBOX=2606595.6250000005,1227402.6125,2608597.9916666667,1228648.2708333333": {
        "duration": 1.506953419000638,
        "result": 200
      },
      "http://localhost:8081/ogc/somap218?SELECTION=ch.so.afu.geotope.flaechenobjekte:2144&BBOX=2603740.432290613,1231843.4310853197,2613169.242323269,1236557.8361016475&REQUEST=GetMap&SERVICE=WMS&WIDTH=1800&HEIGHT=900&VERSION=1.3.0&FORMAT=image/png&SRS=EPSG:2056&FORMAT_OPTIONS=dpi:300&STYLES=&LAYERS=ch.so.agi.hintergrundkarte_sw&OPACITIES=255": {
        "duration": 11.798564644999715,
        "result": 200
      },
      "http://localhost:8081/ogc/somap218?CRS=EPSG:2056&REQUEST=GetMap&TRANSPARENT=true&WIDTH=1892&HEIGHT=1177&SERVICE=WMS&SRS=EPSG:2056&VERSION=1.3.0&DPI=96&OPACITIES=255&STYLES=&FORMAT=image/png&LAYERS=ch.so.agi.av.grundstuecke&BBOX=2606595.6250000005,1227402.6125,2608597.9916666667,1228648.2708333333&TILED=false&T=750": {
        "duration": 1.501192470001115,
        "result": 200
      },
      "http://localhost:8081/ogc/somap218?VERSION=1.3.0&BBOX=2600409.1595101007,1215429.0057070707,2600742.541489899,1215626.4982929293&T=675&SRS=EPSG:2056&REQUEST=GetMap&STYLES=&OPACITIES=255&LAYERS=ch.so.agi.grundbuchplan_oereb&DPI=300&TRANSPARENT=true&TILED=false&HEIGHT=1169&SERVICE=WMS&FORMAT=image/png&WIDTH=2055&CRS=EPSG:2056": {
        "duration": 1.500630567999906,
        "result": 200
      },
      "http://localhost:8081/ogc/somap218?VERSION=1.3.0&BBOX=2573813.75,1204674.375,2673932.083333333,1266957.2916666665&T=492&SRS=EPSG:2056&REQUEST=GetMap&STYLES=&OPACITIES=153,153&LAYERS=ch.so.afu.luftbelastung.feinstaub_2010,ch.so.afu.luftbelastung.stickstoffdioxid_2010&DPI=96&TRANSPARENT=true&TILED=false&HEIGHT=1177&SERVICE=WMS&FORMAT=image/png&WIDTH=1892&CRS=EPSG:2056": {
        "duration": 1.4565302670016536,
        "result": 200
      },
      "http://localhost:8081/ogc/somap218?SERVICE=WMS&REQUEST=GetCapabilities": {
        "duration": 0.07657179300076677,
        "result": 200
      },
      "http://localhost:8081/ogc/somap218?CRS=EPSG:2056&T=675&SRS=EPSG:2056&REQUEST=GetMap&SERVICE=WMS&DPI=96&STYLES=&WIDTH=1920&HEIGHT=710&VERSION=1.3.0&FORMAT=image/png&TRANSPARENT=true&BBOX=2605392,1233953,2606408,1234329&TILED=false&LAYERS=ch.so.agi.gemeindegrenzen&OPACITIES=255": {
        "duration": 1.3734796169992478,
        "result": 200
      },
      "http://localhost:8081/ogc/somap218?LAYERS=ch.so.agi.hintergrundkarte_sw&HEIGHT=900&OPACITIES=255&SELECTION=ch.so.afu.geotope.flaechenobjekte:2144&REQUEST=GetMap&WIDTH=1800&STYLES=&SRS=EPSG:2056&BBOX=2603740.432290613,1231843.4310853197,2613169.242323269,1236557.8361016475&SERVICE=WMS&VERSION=1.3.0&FORMAT=image/png&FORMAT_OPTIONS=dpi:300": {
        "duration": 11.79895678899993,
        "result": 200
      },
      "http://localhost:8081/ogc/somap218?REQUEST=GetCapabilities&SERVICE=WMS": {
        "duration": 0.07841571500102873,
        "result": 200
      },
      "http://localhost:8081/ogc/somap218?FORMAT=image/png&OPACITIES=255&CRS=EPSG:2056&STYLES=&T=675&DPI=96&SERVICE=WMS&VERSION=1.3.0&WIDTH=1920&TILED=false&REQUEST=GetMap&TRANSPARENT=true&BBOX=2605392,1233953,2606408,1234329&HEIGHT=710&LAYERS=ch.so.agi.gemeindegrenzen&SRS=EPSG:2056": {
        "duration": 1.3941450189995521,
        "result": 200
      },
      "http://localhost:8081/ogc/somap218?REQUEST=GetMap&FORMAT_OPTIONS=dpi:300&WIDTH=1800&HEIGHT=900&SERVICE=WMS&SRS=EPSG:2056&VERSION=1.3.0&SELECTION=ch.so.afu.geotope.flaechenobjekte:2144&OPACITIES=255&STYLES=&FORMAT=image/png&LAYERS=ch.so.agi.hintergrundkarte_sw&BBOX=2603740.432290613,1231843.4310853197,2613169.242323269,1236557.8361016475": {
        "duration": 11.807145860002493,
        "result": 200
      },
      "http://localhost:8081/ogc/somap218?FORMAT=image/png&STYLES=&CRS=EPSG:2056&TILED=false&VERSION=1.3.0&HEIGHT=1177&REQUEST=GetMap&TRANSPARENT=true&OPACITIES=255&LAYERS=ch.so.agi.av.grundstuecke&DPI=96&T=750&SRS=EPSG:2056&SERVICE=WMS&WIDTH=1892&BBOX=2606595.6250000005,1227402.6125,2608597.9916666667,1228648.2708333333": {
        "duration": 1.4890618700010236,
        "result": 200
      },
      "http://localhost:8081/ogc/somap218?BBOX=2603740.432290613,1231843.4310853197,2613169.242323269,1236557.8361016475&REQUEST=GetMap&SRS=EPSG:2056&FORMAT_OPTIONS=dpi:300&STYLES=&SELECTION=ch.so.afu.geotope.flaechenobjekte:2144&OPACITIES=255&LAYERS=ch.so.agi.hintergrundkarte_sw&VERSION=1.3.0&HEIGHT=900&SERVICE=WMS&FORMAT=image/png&WIDTH=1800": {
        "duration": 11.837567801998375,
        "result": 200
      },
      "http://localhost:8081/ogc/somap218?TILED=false&CRS=EPSG:2056&DPI=300&HEIGHT=1169&OPACITIES=255&SERVICE=WMS&REQUEST=GetMap&WIDTH=2055&LAYERS=ch.so.agi.hintergrundkarte_sw&STYLES=&T=675&SRS=EPSG:2056&TRANSPARENT=true&VERSION=1.3.0&FORMAT=image/png&BBOX=2600409.1595101007,1215429.0057070707,2600742.541489899,1215626.4982929293": {
        "duration": 3.120998032998614,
        "result": 200
      },
      "http://localhost:8081/ogc/somap218?FORMAT=image/png&STYLES=&CRS=EPSG:2056&TILED=false&VERSION=1.3.0&HEIGHT=1169&REQUEST=GetMap&TRANSPARENT=true&OPACITIES=255&LAYERS=ch.so.agi.grundbuchplan_oereb&DPI=300&T=675&SRS=EPSG:2056&SERVICE=WMS&WIDTH=2055&BBOX=2600409.1595101007,1215429.0057070707,2600742.541489899,1215626.4982929293": {
        "duration": 1.5097792590022436,
        "result": 200
      },
      "http://localhost:8081/ogc/somap218?TILED=false&CRS=EPSG:2056&DPI=96&HEIGHT=710&OPACITIES=255&SERVICE=WMS&REQUEST=GetMap&WIDTH=1920&LAYERS=ch.so.agi.gemeindegrenzen&STYLES=&T=675&SRS=EPSG:2056&TRANSPARENT=true&VERSION=1.3.0&FORMAT=image/png&BBOX=2605392,1233953,2606408,1234329": {
        "duration": 1.409106408002117,
        "result": 200
      },
      "http://localhost:8081/ogc/somap218?VERSION=1.3.0&BBOX=2600409.1595101007,1215429.0057070707,2600742.541489899,1215626.4982929293&T=675&SRS=EPSG:2056&REQUEST=GetMap&STYLES=&OPACITIES=255&LAYERS=ch.so.agi.hintergrundkarte_sw&DPI=300&TRANSPARENT=true&TILED=false&HEIGHT=1169&SERVICE=WMS&FORMAT=image/png&WIDTH=2055&CRS=EPSG:2056": {
        "duration": 2.9711505770028452,
        "result": 200
      },
      "http://localhost:8081/ogc/somap218?CRS=EPSG:2056&REQUEST=GetMap&TRANSPARENT=true&WIDTH=1920&HEIGHT=710&SERVICE=WMS&SRS=EPSG:2056&VERSION=1.3.0&DPI=96&OPACITIES=255&STYLES=&FORMAT=image/png&LAYERS=ch.so.agi.gemeindegrenzen&BBOX=2605392,1233953,2606408,1234329&TILED=false&T=675": {
        "duration": 1.4160597260015493,
        "result": 200
      },
      "http://localhost:8081/ogc/somap218?TILED=false&CRS=EPSG:2056&DPI=300&HEIGHT=1169&OPACITIES=255&SERVICE=WMS&REQUEST=GetMap&WIDTH=2055&LAYERS=ch.so.agi.grundbuchplan_oereb&STYLES=&T=675&SRS=EPSG:2056&TRANSPARENT=true&VERSION=1.3.0&FORMAT=image/png&BBOX=2600409.1595101007,1215429.0057070707,2600742.541489899,1215626.4982929293": {
        "duration": 1.519673552000313,
        "result": 200
      },
      "http://localhost:8081/ogc/somap218?CRS=EPSG:2056&REQUEST=GetMap&FORMAT_OPTIONS=dpi:96&WIDTH=1514&HEIGHT=851&SERVICE=WMS&VERSION=1.3.0&DPI=96&OPACITIES=255&STYLES=&FORMAT=image/jpeg&LAYERS=ch.so.agi.hintergrundkarte_ortho&BBOX=2614418.34213601891,1240387.75146049005,2616463.403778801672,1241538.01415580255&MAP_RESOLUTION=96": {
        "duration": 6.8151791370000865,
        "result": 200
      },
      "http://localhost:8081/ogc/somap218?FORMAT=image/png&OPACITIES=153,153&CRS=EPSG:2056&STYLES=&T=492&DPI=96&SERVICE=WMS&VERSION=1.3.0&WIDTH=1892&TILED=false&REQUEST=GetMap&TRANSPARENT=true&BBOX=2573813.75,1204674.375,2673932.083333333,1266957.2916666665&HEIGHT=1177&LAYERS=ch.so.afu.luftbelastung.feinstaub_2010,ch.so.afu.luftbelastung.stickstoffdioxid_2010&SRS=EPSG:2056": {
        "duration": 1.4887796090006304,
        "result": 200
      },
      "http://localhost:8081/ogc/somap218?FORMAT=image/png&STYLES=&CRS=EPSG:2056&TILED=false&VERSION=1.3.0&HEIGHT=1177&REQUEST=GetMap&TRANSPARENT=true&OPACITIES=153,153&LAYERS=ch.so.afu.luftbelastung.feinstaub_2010,ch.so.afu.luftbelastung.stickstoffdioxid_2010&DPI=96&T=492&SRS=EPSG:2056&SERVICE=WMS&WIDTH=1892&BBOX=2573813.75,1204674.375,2673932.083333333,1266957.2916666665": {
        "duration": 1.5023945180000737,
        "result": 200
      },
      "http://localhost:8081/ogc/somap218?TILED=false&CRS=EPSG:2056&DPI=96&HEIGHT=1177&OPACITIES=153,153&SERVICE=WMS&REQUEST=GetMap&WIDTH=1892&LAYERS=ch.so.afu.luftbelastung.feinstaub_2010,ch.so.afu.luftbelastung.stickstoffdioxid_2010&STYLES=&T=492&SRS=EPSG:2056&TRANSPARENT=true&VERSION=1.3.0&FORMAT=image/png&BBOX=2573813.75,1204674.375,2673932.083333333,1266957.2916666665": {
        "duration": 1.4871026459986751,
        "result": 200
      },
      "http://localhost:8081/ogc/somap218?VERSION=1.3.0&BBOX=2605392,1233953,2606408,1234329&T=675&SRS=EPSG:2056&REQUEST=GetMap&STYLES=&OPACITIES=255&LAYERS=ch.so.agi.gemeindegrenzen&DPI=96&TRANSPARENT=true&TILED=false&HEIGHT=710&SERVICE=WMS&FORMAT=image/png&WIDTH=1920&CRS=EPSG:2056": {
        "duration": 1.4298518949981371,
        "result": 200
      },
      "http://localhost:8081/ogc/somap218?VERSION=1.3.0&SERVICE=WMS&REQUEST=GetCapabilities": {
        "duration": 0.06976119700266281,
        "result": 200
      },
      "http://localhost:8081/ogc/somap218?STYLES=&FORMAT=image/png&SELECTION=ch.so.afu.geotope.flaechenobjekte:2144&FORMAT_OPTIONS=dpi:300&OPACITIES=255&VERSION=1.3.0&REQUEST=GetMap&HEIGHT=900&LAYERS=ch.so.agi.hintergrundkarte_sw&SRS=EPSG:2056&SERVICE=WMS&WIDTH=1800&BBOX=2603740.432290613,1231843.4310853197,2613169.242323269,1236557.8361016475": {
        "duration": 11.777045196002291,
        "result": 200
      },
      "http://localhost:8081/ogc/somap218?VERSION=1.3.0&BBOX=2606595.6250000005,1227402.6125,2608597.9916666667,1228648.2708333333&T=750&SRS=EPSG:2056&REQUEST=GetMap&STYLES=&OPACITIES=255&LAYERS=ch.so.agi.av.grundstuecke&DPI=96&TRANSPARENT=true&TILED=false&HEIGHT=1177&SERVICE=WMS&FORMAT=image/png&WIDTH=1892&CRS=EPSG:2056": {
        "duration": 1.4896553819999099,
        "result": 200
      }
    },
    "error": {
      "http://localhost:8081/ogc/somap218": {
        "duration": 0.016949087999819312,
        "result": "<ServiceExceptionReport version=\"1.3.0\" xmlns=\"http://www.opengis.net/ogc\">\n <ServiceException code=\"Service configuration error\">Service unknown or unsupported</ServiceException>\n</ServiceExceptionReport>\n"
      }
    }
  },
  "qgis-server-3.10": {
    "duration": 40.71400637999977,
    "success": {
      "http://localhost:8081/ogc/somap310?SELECTION=ch.so.afu.geotope.flaechenobjekte:2144&FORMAT_OPTIONS=dpi:300&OPACITIES=255&STYLES=&FORMAT=image/png&SERVICE=WMS&VERSION=1.3.0&WIDTH=1800&REQUEST=GetMap&BBOX=2603740.432290613,1231843.4310853197,2613169.242323269,1236557.8361016475&HEIGHT=900&LAYERS=ch.so.agi.hintergrundkarte_sw&SRS=EPSG:2056": {
        "duration": 1.474829728002078,
        "result": 200
      },
      "http://localhost:8081/ogc/somap310?FORMAT=image/jpeg&FORMAT_OPTIONS=dpi:96&OPACITIES=255&CRS=EPSG:2056&DPI=96&STYLES=&MAP_RESOLUTION=96&VERSION=1.3.0&WIDTH=1514&REQUEST=GetMap&SERVICE=WMS&HEIGHT=851&BBOX=2614418.34213601891,1240387.75146049005,2616463.403778801672,1241538.01415580255&LAYERS=ch.so.agi.hintergrundkarte_ortho": {
        "duration": 1.5417355829995358,
        "result": 200
      },
      "http://localhost:8081/ogc/somap310?FORMAT=image/png&STYLES=&CRS=EPSG:2056&TILED=false&VERSION=1.3.0&HEIGHT=710&REQUEST=GetMap&TRANSPARENT=true&OPACITIES=255&LAYERS=ch.so.agi.gemeindegrenzen&DPI=96&T=675&SRS=EPSG:2056&SERVICE=WMS&WIDTH=1920&BBOX=2605392,1233953,2606408,1234329": {
        "duration": 1.4581665309997334,
        "result": 200
      },
      "http://localhost:8081/ogc/somap310?TILED=false&CRS=EPSG:2056&DPI=96&HEIGHT=1177&OPACITIES=255&SERVICE=WMS&REQUEST=GetMap&WIDTH=1892&LAYERS=ch.so.agi.av.grundstuecke&STYLES=&T=750&SRS=EPSG:2056&TRANSPARENT=true&VERSION=1.3.0&FORMAT=image/png&BBOX=2606595.6250000005,1227402.6125,2608597.9916666667,1228648.2708333333": {
        "duration": 1.528186955001729,
        "result": 200
      },
      "http://localhost:8081/ogc/somap310?SELECTION=ch.so.afu.geotope.flaechenobjekte:2144&BBOX=2603740.432290613,1231843.4310853197,2613169.242323269,1236557.8361016475&REQUEST=GetMap&SERVICE=WMS&WIDTH=1800&HEIGHT=900&VERSION=1.3.0&FORMAT=image/png&SRS=EPSG:2056&FORMAT_OPTIONS=dpi:300&STYLES=&LAYERS=ch.so.agi.hintergrundkarte_sw&OPACITIES=255": {
        "duration": 1.4917050910007674,
        "result": 200
      },
      "http://localhost:8081/ogc/somap310?CRS=EPSG:2056&REQUEST=GetMap&TRANSPARENT=true&WIDTH=1892&HEIGHT=1177&SERVICE=WMS&SRS=EPSG:2056&VERSION=1.3.0&DPI=96&OPACITIES=255&STYLES=&FORMAT=image/png&LAYERS=ch.so.agi.av.grundstuecke&BBOX=2606595.6250000005,1227402.6125,2608597.9916666667,1228648.2708333333&TILED=false&T=750": {
        "duration": 1.5456723010029236,
        "result": 200
      },
      "http://localhost:8081/ogc/somap310?VERSION=1.3.0&BBOX=2600409.1595101007,1215429.0057070707,2600742.541489899,1215626.4982929293&T=675&SRS=EPSG:2056&REQUEST=GetMap&STYLES=&OPACITIES=255&LAYERS=ch.so.agi.grundbuchplan_oereb&DPI=300&TRANSPARENT=true&TILED=false&HEIGHT=1169&SERVICE=WMS&FORMAT=image/png&WIDTH=2055&CRS=EPSG:2056": {
        "duration": 1.5556493190015317,
        "result": 200
      },
      "http://localhost:8081/ogc/somap310?VERSION=1.3.0&BBOX=2573813.75,1204674.375,2673932.083333333,1266957.2916666665&T=492&SRS=EPSG:2056&REQUEST=GetMap&STYLES=&OPACITIES=153,153&LAYERS=ch.so.afu.luftbelastung.feinstaub_2010,ch.so.afu.luftbelastung.stickstoffdioxid_2010&DPI=96&TRANSPARENT=true&TILED=false&HEIGHT=1177&SERVICE=WMS&FORMAT=image/png&WIDTH=1892&CRS=EPSG:2056": {
        "duration": 1.5268214140014607,
        "result": 200
      },
      "http://localhost:8081/ogc/somap310?SERVICE=WMS&REQUEST=GetCapabilities": {
        "duration": 0.07960707500024,
        "result": 200
      },
      "http://localhost:8081/ogc/somap310?CRS=EPSG:2056&T=675&SRS=EPSG:2056&REQUEST=GetMap&SERVICE=WMS&DPI=96&STYLES=&WIDTH=1920&HEIGHT=710&VERSION=1.3.0&FORMAT=image/png&TRANSPARENT=true&BBOX=2605392,1233953,2606408,1234329&TILED=false&LAYERS=ch.so.agi.gemeindegrenzen&OPACITIES=255": {
        "duration": 1.4394050789996982,
        "result": 200
      },
      "http://localhost:8081/ogc/somap310?LAYERS=ch.so.agi.hintergrundkarte_sw&HEIGHT=900&OPACITIES=255&SELECTION=ch.so.afu.geotope.flaechenobjekte:2144&REQUEST=GetMap&WIDTH=1800&STYLES=&SRS=EPSG:2056&BBOX=2603740.432290613,1231843.4310853197,2613169.242323269,1236557.8361016475&SERVICE=WMS&VERSION=1.3.0&FORMAT=image/png&FORMAT_OPTIONS=dpi:300": {
        "duration": 1.4606535290004103,
        "result": 200
      },
      "http://localhost:8081/ogc/somap310?REQUEST=GetCapabilities&SERVICE=WMS": {
        "duration": 0.07873782100068638,
        "result": 200
      },
      "http://localhost:8081/ogc/somap310?FORMAT=image/png&OPACITIES=255&CRS=EPSG:2056&STYLES=&T=675&DPI=96&SERVICE=WMS&VERSION=1.3.0&WIDTH=1920&TILED=false&REQUEST=GetMap&TRANSPARENT=true&BBOX=2605392,1233953,2606408,1234329&HEIGHT=710&LAYERS=ch.so.agi.gemeindegrenzen&SRS=EPSG:2056": {
        "duration": 1.4416942269999709,
        "result": 200
      },
      "http://localhost:8081/ogc/somap310?REQUEST=GetMap&FORMAT_OPTIONS=dpi:300&WIDTH=1800&HEIGHT=900&SERVICE=WMS&SRS=EPSG:2056&VERSION=1.3.0&SELECTION=ch.so.afu.geotope.flaechenobjekte:2144&OPACITIES=255&STYLES=&FORMAT=image/png&LAYERS=ch.so.agi.hintergrundkarte_sw&BBOX=2603740.432290613,1231843.4310853197,2613169.242323269,1236557.8361016475": {
        "duration": 1.4699766880003153,
        "result": 200
      },
      "http://localhost:8081/ogc/somap310?FORMAT=image/png&STYLES=&CRS=EPSG:2056&TILED=false&VERSION=1.3.0&HEIGHT=1177&REQUEST=GetMap&TRANSPARENT=true&OPACITIES=255&LAYERS=ch.so.agi.av.grundstuecke&DPI=96&T=750&SRS=EPSG:2056&SERVICE=WMS&WIDTH=1892&BBOX=2606595.6250000005,1227402.6125,2608597.9916666667,1228648.2708333333": {
        "duration": 1.517359364002914,
        "result": 200
      },
      "http://localhost:8081/ogc/somap310?BBOX=2603740.432290613,1231843.4310853197,2613169.242323269,1236557.8361016475&REQUEST=GetMap&SRS=EPSG:2056&FORMAT_OPTIONS=dpi:300&STYLES=&SELECTION=ch.so.afu.geotope.flaechenobjekte:2144&OPACITIES=255&LAYERS=ch.so.agi.hintergrundkarte_sw&VERSION=1.3.0&HEIGHT=900&SERVICE=WMS&FORMAT=image/png&WIDTH=1800": {
        "duration": 1.4701527409997652,
        "result": 200
      },
      "http://localhost:8081/ogc/somap310?TILED=false&CRS=EPSG:2056&DPI=300&HEIGHT=1169&OPACITIES=255&SERVICE=WMS&REQUEST=GetMap&WIDTH=2055&LAYERS=ch.so.agi.hintergrundkarte_sw&STYLES=&T=675&SRS=EPSG:2056&TRANSPARENT=true&VERSION=1.3.0&FORMAT=image/png&BBOX=2600409.1595101007,1215429.0057070707,2600742.541489899,1215626.4982929293": {
        "duration": 1.5357392629994138,
        "result": 200
      },
      "http://localhost:8081/ogc/somap310?FORMAT=image/png&STYLES=&CRS=EPSG:2056&TILED=false&VERSION=1.3.0&HEIGHT=1169&REQUEST=GetMap&TRANSPARENT=true&OPACITIES=255&LAYERS=ch.so.agi.grundbuchplan_oereb&DPI=300&T=675&SRS=EPSG:2056&SERVICE=WMS&WIDTH=2055&BBOX=2600409.1595101007,1215429.0057070707,2600742.541489899,1215626.4982929293": {
        "duration": 1.5342364980024286,
        "result": 200
      },
      "http://localhost:8081/ogc/somap310?TILED=false&CRS=EPSG:2056&DPI=96&HEIGHT=710&OPACITIES=255&SERVICE=WMS&REQUEST=GetMap&WIDTH=1920&LAYERS=ch.so.agi.gemeindegrenzen&STYLES=&T=675&SRS=EPSG:2056&TRANSPARENT=true&VERSION=1.3.0&FORMAT=image/png&BBOX=2605392,1233953,2606408,1234329": {
        "duration": 1.43986822199804,
        "result": 200
      },
      "http://localhost:8081/ogc/somap310?VERSION=1.3.0&BBOX=2600409.1595101007,1215429.0057070707,2600742.541489899,1215626.4982929293&T=675&SRS=EPSG:2056&REQUEST=GetMap&STYLES=&OPACITIES=255&LAYERS=ch.so.agi.hintergrundkarte_sw&DPI=300&TRANSPARENT=true&TILED=false&HEIGHT=1169&SERVICE=WMS&FORMAT=image/png&WIDTH=2055&CRS=EPSG:2056": {
        "duration": 1.5294416809992981,
        "result": 200
      },
      "http://localhost:8081/ogc/somap310?CRS=EPSG:2056&REQUEST=GetMap&TRANSPARENT=true&WIDTH=1920&HEIGHT=710&SERVICE=WMS&SRS=EPSG:2056&VERSION=1.3.0&DPI=96&OPACITIES=255&STYLES=&FORMAT=image/png&LAYERS=ch.so.agi.gemeindegrenzen&BBOX=2605392,1233953,2606408,1234329&TILED=false&T=675": {
        "duration": 1.459017623001273,
        "result": 200
      },
      "http://localhost:8081/ogc/somap310?TILED=false&CRS=EPSG:2056&DPI=300&HEIGHT=1169&OPACITIES=255&SERVICE=WMS&REQUEST=GetMap&WIDTH=2055&LAYERS=ch.so.agi.grundbuchplan_oereb&STYLES=&T=675&SRS=EPSG:2056&TRANSPARENT=true&VERSION=1.3.0&FORMAT=image/png&BBOX=2600409.1595101007,1215429.0057070707,2600742.541489899,1215626.4982929293": {
        "duration": 1.5410582479998993,
        "result": 200
      },
      "http://localhost:8081/ogc/somap310?CRS=EPSG:2056&REQUEST=GetMap&FORMAT_OPTIONS=dpi:96&WIDTH=1514&HEIGHT=851&SERVICE=WMS&VERSION=1.3.0&DPI=96&OPACITIES=255&STYLES=&FORMAT=image/jpeg&LAYERS=ch.so.agi.hintergrundkarte_ortho&BBOX=2614418.34213601891,1240387.75146049005,2616463.403778801672,1241538.01415580255&MAP_RESOLUTION=96": {
        "duration": 1.5451753339984862,
        "result": 200
      },
      "http://localhost:8081/ogc/somap310?FORMAT=image/png&OPACITIES=153,153&CRS=EPSG:2056&STYLES=&T=492&DPI=96&SERVICE=WMS&VERSION=1.3.0&WIDTH=1892&TILED=false&REQUEST=GetMap&TRANSPARENT=true&BBOX=2573813.75,1204674.375,2673932.083333333,1266957.2916666665&HEIGHT=1177&LAYERS=ch.so.afu.luftbelastung.feinstaub_2010,ch.so.afu.luftbelastung.stickstoffdioxid_2010&SRS=EPSG:2056": {
        "duration": 1.5121870229995693,
        "result": 200
      },
      "http://localhost:8081/ogc/somap310?FORMAT=image/png&STYLES=&CRS=EPSG:2056&TILED=false&VERSION=1.3.0&HEIGHT=1177&REQUEST=GetMap&TRANSPARENT=true&OPACITIES=153,153&LAYERS=ch.so.afu.luftbelastung.feinstaub_2010,ch.so.afu.luftbelastung.stickstoffdioxid_2010&DPI=96&T=492&SRS=EPSG:2056&SERVICE=WMS&WIDTH=1892&BBOX=2573813.75,1204674.375,2673932.083333333,1266957.2916666665": {
        "duration": 1.512579595000716,
        "result": 200
      },
      "http://localhost:8081/ogc/somap310?TILED=false&CRS=EPSG:2056&DPI=96&HEIGHT=1177&OPACITIES=153,153&SERVICE=WMS&REQUEST=GetMap&WIDTH=1892&LAYERS=ch.so.afu.luftbelastung.feinstaub_2010,ch.so.afu.luftbelastung.stickstoffdioxid_2010&STYLES=&T=492&SRS=EPSG:2056&TRANSPARENT=true&VERSION=1.3.0&FORMAT=image/png&BBOX=2573813.75,1204674.375,2673932.083333333,1266957.2916666665": {
        "duration": 1.5059699879966502,
        "result": 200
      },
      "http://localhost:8081/ogc/somap310?VERSION=1.3.0&BBOX=2605392,1233953,2606408,1234329&T=675&SRS=EPSG:2056&REQUEST=GetMap&STYLES=&OPACITIES=255&LAYERS=ch.so.agi.gemeindegrenzen&DPI=96&TRANSPARENT=true&TILED=false&HEIGHT=710&SERVICE=WMS&FORMAT=image/png&WIDTH=1920&CRS=EPSG:2056": {
        "duration": 1.439515993999521,
        "result": 200
      },
      "http://localhost:8081/ogc/somap310?VERSION=1.3.0&SERVICE=WMS&REQUEST=GetCapabilities": {
        "duration": 0.07904320799934794,
        "result": 200
      },
      "http://localhost:8081/ogc/somap310?STYLES=&FORMAT=image/png&SELECTION=ch.so.afu.geotope.flaechenobjekte:2144&FORMAT_OPTIONS=dpi:300&OPACITIES=255&VERSION=1.3.0&REQUEST=GetMap&HEIGHT=900&LAYERS=ch.so.agi.hintergrundkarte_sw&SRS=EPSG:2056&SERVICE=WMS&WIDTH=1800&BBOX=2603740.432290613,1231843.4310853197,2613169.242323269,1236557.8361016475": {
        "duration": 1.4704910570035281,
        "result": 200
      },
      "http://localhost:8081/ogc/somap310?VERSION=1.3.0&BBOX=2606595.6250000005,1227402.6125,2608597.9916666667,1228648.2708333333&T=750&SRS=EPSG:2056&REQUEST=GetMap&STYLES=&OPACITIES=255&LAYERS=ch.so.agi.av.grundstuecke&DPI=96&TRANSPARENT=true&TILED=false&HEIGHT=1177&SERVICE=WMS&FORMAT=image/png&WIDTH=1892&CRS=EPSG:2056": {
        "duration": 1.524214146000304,
        "result": 200
      }
    },
    "error": {
      "http://localhost:8081/ogc/somap310": {
        "duration": 0.0035046070006501395,
        "result": "<ServiceExceptionReport version=\"1.3.0\" xmlns=\"http://www.opengis.net/ogc\">\n <ServiceException code=\"Service configuration error\">Service unknown or unsupported</ServiceException>\n</ServiceExceptionReport>\n"
      }
    }
  },
  "qgis-server-3.14-oldfile": {
    "duration": 132.3542811169973,
    "success": {
      "http://localhost:8082/ogc/somap218?SELECTION=ch.so.afu.geotope.flaechenobjekte:2144&FORMAT_OPTIONS=dpi:300&OPACITIES=255&STYLES=&FORMAT=image/png&SERVICE=WMS&VERSION=1.3.0&WIDTH=1800&REQUEST=GetMap&BBOX=2603740.432290613,1231843.4310853197,2613169.242323269,1236557.8361016475&HEIGHT=900&LAYERS=ch.so.agi.hintergrundkarte_sw&SRS=EPSG:2056": {
        "duration": 12.41754370000126,
        "result": 200
      },
      "http://localhost:8082/ogc/somap218?FORMAT=image/jpeg&FORMAT_OPTIONS=dpi:96&OPACITIES=255&CRS=EPSG:2056&DPI=96&STYLES=&MAP_RESOLUTION=96&VERSION=1.3.0&WIDTH=1514&REQUEST=GetMap&SERVICE=WMS&HEIGHT=851&BBOX=2614418.34213601891,1240387.75146049005,2616463.403778801672,1241538.01415580255&LAYERS=ch.so.agi.hintergrundkarte_ortho": {
        "duration": 7.406719399001304,
        "result": 200
      },
      "http://localhost:8082/ogc/somap218?FORMAT=image/png&STYLES=&CRS=EPSG:2056&TILED=false&VERSION=1.3.0&HEIGHT=710&REQUEST=GetMap&TRANSPARENT=true&OPACITIES=255&LAYERS=ch.so.agi.gemeindegrenzen&DPI=96&T=675&SRS=EPSG:2056&SERVICE=WMS&WIDTH=1920&BBOX=2605392,1233953,2606408,1234329": {
        "duration": 2.028910844997881,
        "result": 200
      },
      "http://localhost:8082/ogc/somap218?TILED=false&CRS=EPSG:2056&DPI=96&HEIGHT=1177&OPACITIES=255&SERVICE=WMS&REQUEST=GetMap&WIDTH=1892&LAYERS=ch.so.agi.av.grundstuecke&STYLES=&T=750&SRS=EPSG:2056&TRANSPARENT=true&VERSION=1.3.0&FORMAT=image/png&BBOX=2606595.6250000005,1227402.6125,2608597.9916666667,1228648.2708333333": {
        "duration": 2.1137147810004535,
        "result": 200
      },
      "http://localhost:8082/ogc/somap218?SELECTION=ch.so.afu.geotope.flaechenobjekte:2144&BBOX=2603740.432290613,1231843.4310853197,2613169.242323269,1236557.8361016475&REQUEST=GetMap&SERVICE=WMS&WIDTH=1800&HEIGHT=900&VERSION=1.3.0&FORMAT=image/png&SRS=EPSG:2056&FORMAT_OPTIONS=dpi:300&STYLES=&LAYERS=ch.so.agi.hintergrundkarte_sw&OPACITIES=255": {
        "duration": 12.346397885001352,
        "result": 200
      },
      "http://localhost:8082/ogc/somap218?CRS=EPSG:2056&REQUEST=GetMap&TRANSPARENT=true&WIDTH=1892&HEIGHT=1177&SERVICE=WMS&SRS=EPSG:2056&VERSION=1.3.0&DPI=96&OPACITIES=255&STYLES=&FORMAT=image/png&LAYERS=ch.so.agi.av.grundstuecke&BBOX=2606595.6250000005,1227402.6125,2608597.9916666667,1228648.2708333333&TILED=false&T=750": {
        "duration": 2.1079607130013756,
        "result": 200
      },
      "http://localhost:8082/ogc/somap218?VERSION=1.3.0&BBOX=2600409.1595101007,1215429.0057070707,2600742.541489899,1215626.4982929293&T=675&SRS=EPSG:2056&REQUEST=GetMap&STYLES=&OPACITIES=255&LAYERS=ch.so.agi.grundbuchplan_oereb&DPI=300&TRANSPARENT=true&TILED=false&HEIGHT=1169&SERVICE=WMS&FORMAT=image/png&WIDTH=2055&CRS=EPSG:2056": {
        "duration": 2.138723567000852,
        "result": 200
      },
      "http://localhost:8082/ogc/somap218?VERSION=1.3.0&BBOX=2573813.75,1204674.375,2673932.083333333,1266957.2916666665&T=492&SRS=EPSG:2056&REQUEST=GetMap&STYLES=&OPACITIES=153,153&LAYERS=ch.so.afu.luftbelastung.feinstaub_2010,ch.so.afu.luftbelastung.stickstoffdioxid_2010&DPI=96&TRANSPARENT=true&TILED=false&HEIGHT=1177&SERVICE=WMS&FORMAT=image/png&WIDTH=1892&CRS=EPSG:2056": {
        "duration": 2.0964080859994283,
        "result": 200
      },
      "http://localhost:8082/ogc/somap218?SERVICE=WMS&REQUEST=GetCapabilities": {
        "duration": 0.08004529000027105,
        "result": 200
      },
      "http://localhost:8082/ogc/somap218?CRS=EPSG:2056&T=675&SRS=EPSG:2056&REQUEST=GetMap&SERVICE=WMS&DPI=96&STYLES=&WIDTH=1920&HEIGHT=710&VERSION=1.3.0&FORMAT=image/png&TRANSPARENT=true&BBOX=2605392,1233953,2606408,1234329&TILED=false&LAYERS=ch.so.agi.gemeindegrenzen&OPACITIES=255": {
        "duration": 2.041233038999053,
        "result": 200
      },
      "http://localhost:8082/ogc/somap218?LAYERS=ch.so.agi.hintergrundkarte_sw&HEIGHT=900&OPACITIES=255&SELECTION=ch.so.afu.geotope.flaechenobjekte:2144&REQUEST=GetMap&WIDTH=1800&STYLES=&SRS=EPSG:2056&BBOX=2603740.432290613,1231843.4310853197,2613169.242323269,1236557.8361016475&SERVICE=WMS&VERSION=1.3.0&FORMAT=image/png&FORMAT_OPTIONS=dpi:300": {
        "duration": 12.379637477002689,
        "result": 200
      },
      "http://localhost:8082/ogc/somap218?REQUEST=GetCapabilities&SERVICE=WMS": {
        "duration": 0.07726153999828966,
        "result": 200
      },
      "http://localhost:8082/ogc/somap218?FORMAT=image/png&OPACITIES=255&CRS=EPSG:2056&STYLES=&T=675&DPI=96&SERVICE=WMS&VERSION=1.3.0&WIDTH=1920&TILED=false&REQUEST=GetMap&TRANSPARENT=true&BBOX=2605392,1233953,2606408,1234329&HEIGHT=710&LAYERS=ch.so.agi.gemeindegrenzen&SRS=EPSG:2056": {
        "duration": 2.053796070998942,
        "result": 200
      },
      "http://localhost:8082/ogc/somap218?REQUEST=GetMap&FORMAT_OPTIONS=dpi:300&WIDTH=1800&HEIGHT=900&SERVICE=WMS&SRS=EPSG:2056&VERSION=1.3.0&SELECTION=ch.so.afu.geotope.flaechenobjekte:2144&OPACITIES=255&STYLES=&FORMAT=image/png&LAYERS=ch.so.agi.hintergrundkarte_sw&BBOX=2603740.432290613,1231843.4310853197,2613169.242323269,1236557.8361016475": {
        "duration": 12.360486361001676,
        "result": 200
      },
      "http://localhost:8082/ogc/somap218?FORMAT=image/png&STYLES=&CRS=EPSG:2056&TILED=false&VERSION=1.3.0&HEIGHT=1177&REQUEST=GetMap&TRANSPARENT=true&OPACITIES=255&LAYERS=ch.so.agi.av.grundstuecke&DPI=96&T=750&SRS=EPSG:2056&SERVICE=WMS&WIDTH=1892&BBOX=2606595.6250000005,1227402.6125,2608597.9916666667,1228648.2708333333": {
        "duration": 2.1612199379997037,
        "result": 200
      },
      "http://localhost:8082/ogc/somap218?BBOX=2603740.432290613,1231843.4310853197,2613169.242323269,1236557.8361016475&REQUEST=GetMap&SRS=EPSG:2056&FORMAT_OPTIONS=dpi:300&STYLES=&SELECTION=ch.so.afu.geotope.flaechenobjekte:2144&OPACITIES=255&LAYERS=ch.so.agi.hintergrundkarte_sw&VERSION=1.3.0&HEIGHT=900&SERVICE=WMS&FORMAT=image/png&WIDTH=1800": {
        "duration": 12.431720118998783,
        "result": 200
      },
      "http://localhost:8082/ogc/somap218?TILED=false&CRS=EPSG:2056&DPI=300&HEIGHT=1169&OPACITIES=255&SERVICE=WMS&REQUEST=GetMap&WIDTH=2055&LAYERS=ch.so.agi.hintergrundkarte_sw&STYLES=&T=675&SRS=EPSG:2056&TRANSPARENT=true&VERSION=1.3.0&FORMAT=image/png&BBOX=2600409.1595101007,1215429.0057070707,2600742.541489899,1215626.4982929293": {
        "duration": 3.80655869399925,
        "result": 200
      },
      "http://localhost:8082/ogc/somap218?FORMAT=image/png&STYLES=&CRS=EPSG:2056&TILED=false&VERSION=1.3.0&HEIGHT=1169&REQUEST=GetMap&TRANSPARENT=true&OPACITIES=255&LAYERS=ch.so.agi.grundbuchplan_oereb&DPI=300&T=675&SRS=EPSG:2056&SERVICE=WMS&WIDTH=2055&BBOX=2600409.1595101007,1215429.0057070707,2600742.541489899,1215626.4982929293": {
        "duration": 2.133412162998866,
        "result": 200
      },
      "http://localhost:8082/ogc/somap218?TILED=false&CRS=EPSG:2056&DPI=96&HEIGHT=710&OPACITIES=255&SERVICE=WMS&REQUEST=GetMap&WIDTH=1920&LAYERS=ch.so.agi.gemeindegrenzen&STYLES=&T=675&SRS=EPSG:2056&TRANSPARENT=true&VERSION=1.3.0&FORMAT=image/png&BBOX=2605392,1233953,2606408,1234329": {
        "duration": 2.051596793000499,
        "result": 200
      },
      "http://localhost:8082/ogc/somap218?VERSION=1.3.0&BBOX=2600409.1595101007,1215429.0057070707,2600742.541489899,1215626.4982929293&T=675&SRS=EPSG:2056&REQUEST=GetMap&STYLES=&OPACITIES=255&LAYERS=ch.so.agi.hintergrundkarte_sw&DPI=300&TRANSPARENT=true&TILED=false&HEIGHT=1169&SERVICE=WMS&FORMAT=image/png&WIDTH=2055&CRS=EPSG:2056": {
        "duration": 3.7419149759989523,
        "result": 200
      },
      "http://localhost:8082/ogc/somap218?CRS=EPSG:2056&REQUEST=GetMap&TRANSPARENT=true&WIDTH=1920&HEIGHT=710&SERVICE=WMS&SRS=EPSG:2056&VERSION=1.3.0&DPI=96&OPACITIES=255&STYLES=&FORMAT=image/png&LAYERS=ch.so.agi.gemeindegrenzen&BBOX=2605392,1233953,2606408,1234329&TILED=false&T=675": {
        "duration": 2.0289483740016294,
        "result": 200
      },
      "http://localhost:8082/ogc/somap218?TILED=false&CRS=EPSG:2056&DPI=300&HEIGHT=1169&OPACITIES=255&SERVICE=WMS&REQUEST=GetMap&WIDTH=2055&LAYERS=ch.so.agi.grundbuchplan_oereb&STYLES=&T=675&SRS=EPSG:2056&TRANSPARENT=true&VERSION=1.3.0&FORMAT=image/png&BBOX=2600409.1595101007,1215429.0057070707,2600742.541489899,1215626.4982929293": {
        "duration": 2.12298943299902,
        "result": 200
      },
      "http://localhost:8082/ogc/somap218?CRS=EPSG:2056&REQUEST=GetMap&FORMAT_OPTIONS=dpi:96&WIDTH=1514&HEIGHT=851&SERVICE=WMS&VERSION=1.3.0&DPI=96&OPACITIES=255&STYLES=&FORMAT=image/jpeg&LAYERS=ch.so.agi.hintergrundkarte_ortho&BBOX=2614418.34213601891,1240387.75146049005,2616463.403778801672,1241538.01415580255&MAP_RESOLUTION=96": {
        "duration": 7.2945896860001085,
        "result": 200
      },
      "http://localhost:8082/ogc/somap218?FORMAT=image/png&OPACITIES=153,153&CRS=EPSG:2056&STYLES=&T=492&DPI=96&SERVICE=WMS&VERSION=1.3.0&WIDTH=1892&TILED=false&REQUEST=GetMap&TRANSPARENT=true&BBOX=2573813.75,1204674.375,2673932.083333333,1266957.2916666665&HEIGHT=1177&LAYERS=ch.so.afu.luftbelastung.feinstaub_2010,ch.so.afu.luftbelastung.stickstoffdioxid_2010&SRS=EPSG:2056": {
        "duration": 2.11244834199897,
        "result": 200
      },
      "http://localhost:8082/ogc/somap218?FORMAT=image/png&STYLES=&CRS=EPSG:2056&TILED=false&VERSION=1.3.0&HEIGHT=1177&REQUEST=GetMap&TRANSPARENT=true&OPACITIES=153,153&LAYERS=ch.so.afu.luftbelastung.feinstaub_2010,ch.so.afu.luftbelastung.stickstoffdioxid_2010&DPI=96&T=492&SRS=EPSG:2056&SERVICE=WMS&WIDTH=1892&BBOX=2573813.75,1204674.375,2673932.083333333,1266957.2916666665": {
        "duration": 2.1189951590022247,
        "result": 200
      },
      "http://localhost:8082/ogc/somap218?TILED=false&CRS=EPSG:2056&DPI=96&HEIGHT=1177&OPACITIES=153,153&SERVICE=WMS&REQUEST=GetMap&WIDTH=1892&LAYERS=ch.so.afu.luftbelastung.feinstaub_2010,ch.so.afu.luftbelastung.stickstoffdioxid_2010&STYLES=&T=492&SRS=EPSG:2056&TRANSPARENT=true&VERSION=1.3.0&FORMAT=image/png&BBOX=2573813.75,1204674.375,2673932.083333333,1266957.2916666665": {
        "duration": 2.1117403610005567,
        "result": 200
      },
      "http://localhost:8082/ogc/somap218?VERSION=1.3.0&BBOX=2605392,1233953,2606408,1234329&T=675&SRS=EPSG:2056&REQUEST=GetMap&STYLES=&OPACITIES=255&LAYERS=ch.so.agi.gemeindegrenzen&DPI=96&TRANSPARENT=true&TILED=false&HEIGHT=710&SERVICE=WMS&FORMAT=image/png&WIDTH=1920&CRS=EPSG:2056": {
        "duration": 2.0374412150013086,
        "result": 200
      },
      "http://localhost:8082/ogc/somap218?VERSION=1.3.0&SERVICE=WMS&REQUEST=GetCapabilities": {
        "duration": 0.0746883430001617,
        "result": 200
      },
      "http://localhost:8082/ogc/somap218?STYLES=&FORMAT=image/png&SELECTION=ch.so.afu.geotope.flaechenobjekte:2144&FORMAT_OPTIONS=dpi:300&OPACITIES=255&VERSION=1.3.0&REQUEST=GetMap&HEIGHT=900&LAYERS=ch.so.agi.hintergrundkarte_sw&SRS=EPSG:2056&SERVICE=WMS&WIDTH=1800&BBOX=2603740.432290613,1231843.4310853197,2613169.242323269,1236557.8361016475": {
        "duration": 12.332030978999683,
        "result": 200
      },
      "http://localhost:8082/ogc/somap218?VERSION=1.3.0&BBOX=2606595.6250000005,1227402.6125,2608597.9916666667,1228648.2708333333&T=750&SRS=EPSG:2056&REQUEST=GetMap&STYLES=&OPACITIES=255&LAYERS=ch.so.agi.av.grundstuecke&DPI=96&TRANSPARENT=true&TILED=false&HEIGHT=1177&SERVICE=WMS&FORMAT=image/png&WIDTH=1892&CRS=EPSG:2056": {
        "duration": 2.1261890970017703,
        "result": 200
      }
    },
    "error": {
      "http://localhost:8082/ogc/somap218": {
        "duration": 0.017238116000953596,
        "result": "<ServiceExceptionReport xmlns=\"http://www.opengis.net/ogc\" version=\"1.3.0\">\n <ServiceException code=\"Service configuration error\">Service unknown or unsupported. Current supported services (case-sensitive): WMS WFS WCS WMTS SampleService, or use a WFS3 (OGC API Features) endpoint</ServiceException>\n</ServiceExceptionReport>\n"
      }
    }
  },
  "qgis-server-3.14-ltrfile": {
    "duration": 57.82056188700153,
    "success": {
      "http://localhost:8082/ogc/somap310?SELECTION=ch.so.afu.geotope.flaechenobjekte:2144&FORMAT_OPTIONS=dpi:300&OPACITIES=255&STYLES=&FORMAT=image/png&SERVICE=WMS&VERSION=1.3.0&WIDTH=1800&REQUEST=GetMap&BBOX=2603740.432290613,1231843.4310853197,2613169.242323269,1236557.8361016475&HEIGHT=900&LAYERS=ch.so.agi.hintergrundkarte_sw&SRS=EPSG:2056": {
        "duration": 2.0930825659997936,
        "result": 200
      },
      "http://localhost:8082/ogc/somap310?FORMAT=image/jpeg&FORMAT_OPTIONS=dpi:96&OPACITIES=255&CRS=EPSG:2056&DPI=96&STYLES=&MAP_RESOLUTION=96&VERSION=1.3.0&WIDTH=1514&REQUEST=GetMap&SERVICE=WMS&HEIGHT=851&BBOX=2614418.34213601891,1240387.75146049005,2616463.403778801672,1241538.01415580255&LAYERS=ch.so.agi.hintergrundkarte_ortho": {
        "duration": 2.1387659829997574,
        "result": 200
      },
      "http://localhost:8082/ogc/somap310?FORMAT=image/png&STYLES=&CRS=EPSG:2056&TILED=false&VERSION=1.3.0&HEIGHT=710&REQUEST=GetMap&TRANSPARENT=true&OPACITIES=255&LAYERS=ch.so.agi.gemeindegrenzen&DPI=96&T=675&SRS=EPSG:2056&SERVICE=WMS&WIDTH=1920&BBOX=2605392,1233953,2606408,1234329": {
        "duration": 2.0784198270011984,
        "result": 200
      },
      "http://localhost:8082/ogc/somap310?TILED=false&CRS=EPSG:2056&DPI=96&HEIGHT=1177&OPACITIES=255&SERVICE=WMS&REQUEST=GetMap&WIDTH=1892&LAYERS=ch.so.agi.av.grundstuecke&STYLES=&T=750&SRS=EPSG:2056&TRANSPARENT=true&VERSION=1.3.0&FORMAT=image/png&BBOX=2606595.6250000005,1227402.6125,2608597.9916666667,1228648.2708333333": {
        "duration": 2.133063368997682,
        "result": 200
      },
      "http://localhost:8082/ogc/somap310?SELECTION=ch.so.afu.geotope.flaechenobjekte:2144&BBOX=2603740.432290613,1231843.4310853197,2613169.242323269,1236557.8361016475&REQUEST=GetMap&SERVICE=WMS&WIDTH=1800&HEIGHT=900&VERSION=1.3.0&FORMAT=image/png&SRS=EPSG:2056&FORMAT_OPTIONS=dpi:300&STYLES=&LAYERS=ch.so.agi.hintergrundkarte_sw&OPACITIES=255": {
        "duration": 2.0865953709981113,
        "result": 200
      },
      "http://localhost:8082/ogc/somap310?CRS=EPSG:2056&REQUEST=GetMap&TRANSPARENT=true&WIDTH=1892&HEIGHT=1177&SERVICE=WMS&SRS=EPSG:2056&VERSION=1.3.0&DPI=96&OPACITIES=255&STYLES=&FORMAT=image/png&LAYERS=ch.so.agi.av.grundstuecke&BBOX=2606595.6250000005,1227402.6125,2608597.9916666667,1228648.2708333333&TILED=false&T=750": {
        "duration": 2.1388955770016764,
        "result": 200
      },
      "http://localhost:8082/ogc/somap310?VERSION=1.3.0&BBOX=2600409.1595101007,1215429.0057070707,2600742.541489899,1215626.4982929293&T=675&SRS=EPSG:2056&REQUEST=GetMap&STYLES=&OPACITIES=255&LAYERS=ch.so.agi.grundbuchplan_oereb&DPI=300&TRANSPARENT=true&TILED=false&HEIGHT=1169&SERVICE=WMS&FORMAT=image/png&WIDTH=2055&CRS=EPSG:2056": {
        "duration": 2.188101079002081,
        "result": 200
      },
      "http://localhost:8082/ogc/somap310?VERSION=1.3.0&BBOX=2573813.75,1204674.375,2673932.083333333,1266957.2916666665&T=492&SRS=EPSG:2056&REQUEST=GetMap&STYLES=&OPACITIES=153,153&LAYERS=ch.so.afu.luftbelastung.feinstaub_2010,ch.so.afu.luftbelastung.stickstoffdioxid_2010&DPI=96&TRANSPARENT=true&TILED=false&HEIGHT=1177&SERVICE=WMS&FORMAT=image/png&WIDTH=1892&CRS=EPSG:2056": {
        "duration": 2.182901590000256,
        "result": 200
      },
      "http://localhost:8082/ogc/somap310?SERVICE=WMS&REQUEST=GetCapabilities": {
        "duration": 0.07602257699909387,
        "result": 200
      },
      "http://localhost:8082/ogc/somap310?CRS=EPSG:2056&T=675&SRS=EPSG:2056&REQUEST=GetMap&SERVICE=WMS&DPI=96&STYLES=&WIDTH=1920&HEIGHT=710&VERSION=1.3.0&FORMAT=image/png&TRANSPARENT=true&BBOX=2605392,1233953,2606408,1234329&TILED=false&LAYERS=ch.so.agi.gemeindegrenzen&OPACITIES=255": {
        "duration": 2.089543476999097,
        "result": 200
      },
      "http://localhost:8082/ogc/somap310?LAYERS=ch.so.agi.hintergrundkarte_sw&HEIGHT=900&OPACITIES=255&SELECTION=ch.so.afu.geotope.flaechenobjekte:2144&REQUEST=GetMap&WIDTH=1800&STYLES=&SRS=EPSG:2056&BBOX=2603740.432290613,1231843.4310853197,2613169.242323269,1236557.8361016475&SERVICE=WMS&VERSION=1.3.0&FORMAT=image/png&FORMAT_OPTIONS=dpi:300": {
        "duration": 2.102779273998749,
        "result": 200
      },
      "http://localhost:8082/ogc/somap310?REQUEST=GetCapabilities&SERVICE=WMS": {
        "duration": 0.06857314999797381,
        "result": 200
      },
      "http://localhost:8082/ogc/somap310?FORMAT=image/png&OPACITIES=255&CRS=EPSG:2056&STYLES=&T=675&DPI=96&SERVICE=WMS&VERSION=1.3.0&WIDTH=1920&TILED=false&REQUEST=GetMap&TRANSPARENT=true&BBOX=2605392,1233953,2606408,1234329&HEIGHT=710&LAYERS=ch.so.agi.gemeindegrenzen&SRS=EPSG:2056": {
        "duration": 2.112284716000431,
        "result": 200
      },
      "http://localhost:8082/ogc/somap310?REQUEST=GetMap&FORMAT_OPTIONS=dpi:300&WIDTH=1800&HEIGHT=900&SERVICE=WMS&SRS=EPSG:2056&VERSION=1.3.0&SELECTION=ch.so.afu.geotope.flaechenobjekte:2144&OPACITIES=255&STYLES=&FORMAT=image/png&LAYERS=ch.so.agi.hintergrundkarte_sw&BBOX=2603740.432290613,1231843.4310853197,2613169.242323269,1236557.8361016475": {
        "duration": 2.1285965729985037,
        "result": 200
      },
      "http://localhost:8082/ogc/somap310?FORMAT=image/png&STYLES=&CRS=EPSG:2056&TILED=false&VERSION=1.3.0&HEIGHT=1177&REQUEST=GetMap&TRANSPARENT=true&OPACITIES=255&LAYERS=ch.so.agi.av.grundstuecke&DPI=96&T=750&SRS=EPSG:2056&SERVICE=WMS&WIDTH=1892&BBOX=2606595.6250000005,1227402.6125,2608597.9916666667,1228648.2708333333": {
        "duration": 2.1463536970004498,
        "result": 200
      },
      "http://localhost:8082/ogc/somap310?BBOX=2603740.432290613,1231843.4310853197,2613169.242323269,1236557.8361016475&REQUEST=GetMap&SRS=EPSG:2056&FORMAT_OPTIONS=dpi:300&STYLES=&SELECTION=ch.so.afu.geotope.flaechenobjekte:2144&OPACITIES=255&LAYERS=ch.so.agi.hintergrundkarte_sw&VERSION=1.3.0&HEIGHT=900&SERVICE=WMS&FORMAT=image/png&WIDTH=1800": {
        "duration": 2.1142048750007234,
        "result": 200
      },
      "http://localhost:8082/ogc/somap310?TILED=false&CRS=EPSG:2056&DPI=300&HEIGHT=1169&OPACITIES=255&SERVICE=WMS&REQUEST=GetMap&WIDTH=2055&LAYERS=ch.so.agi.hintergrundkarte_sw&STYLES=&T=675&SRS=EPSG:2056&TRANSPARENT=true&VERSION=1.3.0&FORMAT=image/png&BBOX=2600409.1595101007,1215429.0057070707,2600742.541489899,1215626.4982929293": {
        "duration": 2.1888661160010088,
        "result": 200
      },
      "http://localhost:8082/ogc/somap310?FORMAT=image/png&STYLES=&CRS=EPSG:2056&TILED=false&VERSION=1.3.0&HEIGHT=1169&REQUEST=GetMap&TRANSPARENT=true&OPACITIES=255&LAYERS=ch.so.agi.grundbuchplan_oereb&DPI=300&T=675&SRS=EPSG:2056&SERVICE=WMS&WIDTH=2055&BBOX=2600409.1595101007,1215429.0057070707,2600742.541489899,1215626.4982929293": {
        "duration": 2.153042424997693,
        "result": 200
      },
      "http://localhost:8082/ogc/somap310?TILED=false&CRS=EPSG:2056&DPI=96&HEIGHT=710&OPACITIES=255&SERVICE=WMS&REQUEST=GetMap&WIDTH=1920&LAYERS=ch.so.agi.gemeindegrenzen&STYLES=&T=675&SRS=EPSG:2056&TRANSPARENT=true&VERSION=1.3.0&FORMAT=image/png&BBOX=2605392,1233953,2606408,1234329": {
        "duration": 2.091935618998832,
        "result": 200
      },
      "http://localhost:8082/ogc/somap310?VERSION=1.3.0&BBOX=2600409.1595101007,1215429.0057070707,2600742.541489899,1215626.4982929293&T=675&SRS=EPSG:2056&REQUEST=GetMap&STYLES=&OPACITIES=255&LAYERS=ch.so.agi.hintergrundkarte_sw&DPI=300&TRANSPARENT=true&TILED=false&HEIGHT=1169&SERVICE=WMS&FORMAT=image/png&WIDTH=2055&CRS=EPSG:2056": {
        "duration": 2.173328532000596,
        "result": 200
      },
      "http://localhost:8082/ogc/somap310?CRS=EPSG:2056&REQUEST=GetMap&TRANSPARENT=true&WIDTH=1920&HEIGHT=710&SERVICE=WMS&SRS=EPSG:2056&VERSION=1.3.0&DPI=96&OPACITIES=255&STYLES=&FORMAT=image/png&LAYERS=ch.so.agi.gemeindegrenzen&BBOX=2605392,1233953,2606408,1234329&TILED=false&T=675": {
        "duration": 2.0744492420017195,
        "result": 200
      },
      "http://localhost:8082/ogc/somap310?TILED=false&CRS=EPSG:2056&DPI=300&HEIGHT=1169&OPACITIES=255&SERVICE=WMS&REQUEST=GetMap&WIDTH=2055&LAYERS=ch.so.agi.grundbuchplan_oereb&STYLES=&T=675&SRS=EPSG:2056&TRANSPARENT=true&VERSION=1.3.0&FORMAT=image/png&BBOX=2600409.1595101007,1215429.0057070707,2600742.541489899,1215626.4982929293": {
        "duration": 2.1676933790004114,
        "result": 200
      },
      "http://localhost:8082/ogc/somap310?CRS=EPSG:2056&REQUEST=GetMap&FORMAT_OPTIONS=dpi:96&WIDTH=1514&HEIGHT=851&SERVICE=WMS&VERSION=1.3.0&DPI=96&OPACITIES=255&STYLES=&FORMAT=image/jpeg&LAYERS=ch.so.agi.hintergrundkarte_ortho&BBOX=2614418.34213601891,1240387.75146049005,2616463.403778801672,1241538.01415580255&MAP_RESOLUTION=96": {
        "duration": 2.165798595000524,
        "result": 200
      },
      "http://localhost:8082/ogc/somap310?FORMAT=image/png&OPACITIES=153,153&CRS=EPSG:2056&STYLES=&T=492&DPI=96&SERVICE=WMS&VERSION=1.3.0&WIDTH=1892&TILED=false&REQUEST=GetMap&TRANSPARENT=true&BBOX=2573813.75,1204674.375,2673932.083333333,1266957.2916666665&HEIGHT=1177&LAYERS=ch.so.afu.luftbelastung.feinstaub_2010,ch.so.afu.luftbelastung.stickstoffdioxid_2010&SRS=EPSG:2056": {
        "duration": 2.173174465999182,
        "result": 200
      },
      "http://localhost:8082/ogc/somap310?FORMAT=image/png&STYLES=&CRS=EPSG:2056&TILED=false&VERSION=1.3.0&HEIGHT=1177&REQUEST=GetMap&TRANSPARENT=true&OPACITIES=153,153&LAYERS=ch.so.afu.luftbelastung.feinstaub_2010,ch.so.afu.luftbelastung.stickstoffdioxid_2010&DPI=96&T=492&SRS=EPSG:2056&SERVICE=WMS&WIDTH=1892&BBOX=2573813.75,1204674.375,2673932.083333333,1266957.2916666665": {
        "duration": 2.1647589669992158,
        "result": 200
      },
      "http://localhost:8082/ogc/somap310?TILED=false&CRS=EPSG:2056&DPI=96&HEIGHT=1177&OPACITIES=153,153&SERVICE=WMS&REQUEST=GetMap&WIDTH=1892&LAYERS=ch.so.afu.luftbelastung.feinstaub_2010,ch.so.afu.luftbelastung.stickstoffdioxid_2010&STYLES=&T=492&SRS=EPSG:2056&TRANSPARENT=true&VERSION=1.3.0&FORMAT=image/png&BBOX=2573813.75,1204674.375,2673932.083333333,1266957.2916666665": {
        "duration": 2.1677899599999364,
        "result": 200
      },
      "http://localhost:8082/ogc/somap310?VERSION=1.3.0&BBOX=2605392,1233953,2606408,1234329&T=675&SRS=EPSG:2056&REQUEST=GetMap&STYLES=&OPACITIES=255&LAYERS=ch.so.agi.gemeindegrenzen&DPI=96&TRANSPARENT=true&TILED=false&HEIGHT=710&SERVICE=WMS&FORMAT=image/png&WIDTH=1920&CRS=EPSG:2056": {
        "duration": 2.0806981539972185,
        "result": 200
      },
      "http://localhost:8082/ogc/somap310?VERSION=1.3.0&SERVICE=WMS&REQUEST=GetCapabilities": {
        "duration": 0.0768653280028957,
        "result": 200
      },
      "http://localhost:8082/ogc/somap310?STYLES=&FORMAT=image/png&SELECTION=ch.so.afu.geotope.flaechenobjekte:2144&FORMAT_OPTIONS=dpi:300&OPACITIES=255&VERSION=1.3.0&REQUEST=GetMap&HEIGHT=900&LAYERS=ch.so.agi.hintergrundkarte_sw&SRS=EPSG:2056&SERVICE=WMS&WIDTH=1800&BBOX=2603740.432290613,1231843.4310853197,2613169.242323269,1236557.8361016475": {
        "duration": 2.1039785079992726,
        "result": 200
      },
      "http://localhost:8082/ogc/somap310?VERSION=1.3.0&BBOX=2606595.6250000005,1227402.6125,2608597.9916666667,1228648.2708333333&T=750&SRS=EPSG:2056&REQUEST=GetMap&STYLES=&OPACITIES=255&LAYERS=ch.so.agi.av.grundstuecke&DPI=96&TRANSPARENT=true&TILED=false&HEIGHT=1177&SERVICE=WMS&FORMAT=image/png&WIDTH=1892&CRS=EPSG:2056": {
        "duration": 2.154139905000193,
        "result": 200
      }
    },
    "error": {
      "http://localhost:8082/ogc/somap310": {
        "duration": 0.004237569999531843,
        "result": "<ServiceExceptionReport xmlns=\"http://www.opengis.net/ogc\" version=\"1.3.0\">\n <ServiceException code=\"Service configuration error\">Service unknown or unsupported. Current supported services (case-sensitive): WMS WFS WCS WMTS SampleService, or use a WFS3 (OGC API Features) endpoint</ServiceException>\n</ServiceExceptionReport>\n"
      }
    }
  },
  "qgis-server-3.14": {
    "duration": 57.47406102899913,
    "success": {
      "http://localhost:8082/ogc/somap314?SELECTION=ch.so.afu.geotope.flaechenobjekte:2144&FORMAT_OPTIONS=dpi:300&OPACITIES=255&STYLES=&FORMAT=image/png&SERVICE=WMS&VERSION=1.3.0&WIDTH=1800&REQUEST=GetMap&BBOX=2603740.432290613,1231843.4310853197,2613169.242323269,1236557.8361016475&HEIGHT=900&LAYERS=ch.so.agi.hintergrundkarte_sw&SRS=EPSG:2056": {
        "duration": 2.1207210669999768,
        "result": 200
      },
      "http://localhost:8082/ogc/somap314?FORMAT=image/jpeg&FORMAT_OPTIONS=dpi:96&OPACITIES=255&CRS=EPSG:2056&DPI=96&STYLES=&MAP_RESOLUTION=96&VERSION=1.3.0&WIDTH=1514&REQUEST=GetMap&SERVICE=WMS&HEIGHT=851&BBOX=2614418.34213601891,1240387.75146049005,2616463.403778801672,1241538.01415580255&LAYERS=ch.so.agi.hintergrundkarte_ortho": {
        "duration": 2.1573722859975533,
        "result": 200
      },
      "http://localhost:8082/ogc/somap314?FORMAT=image/png&STYLES=&CRS=EPSG:2056&TILED=false&VERSION=1.3.0&HEIGHT=710&REQUEST=GetMap&TRANSPARENT=true&OPACITIES=255&LAYERS=ch.so.agi.gemeindegrenzen&DPI=96&T=675&SRS=EPSG:2056&SERVICE=WMS&WIDTH=1920&BBOX=2605392,1233953,2606408,1234329": {
        "duration": 2.0767937669988896,
        "result": 200
      },
      "http://localhost:8082/ogc/somap314?TILED=false&CRS=EPSG:2056&DPI=96&HEIGHT=1177&OPACITIES=255&SERVICE=WMS&REQUEST=GetMap&WIDTH=1892&LAYERS=ch.so.agi.av.grundstuecke&STYLES=&T=750&SRS=EPSG:2056&TRANSPARENT=true&VERSION=1.3.0&FORMAT=image/png&BBOX=2606595.6250000005,1227402.6125,2608597.9916666667,1228648.2708333333": {
        "duration": 2.131519690999994,
        "result": 200
      },
      "http://localhost:8082/ogc/somap314?SELECTION=ch.so.afu.geotope.flaechenobjekte:2144&BBOX=2603740.432290613,1231843.4310853197,2613169.242323269,1236557.8361016475&REQUEST=GetMap&SERVICE=WMS&WIDTH=1800&HEIGHT=900&VERSION=1.3.0&FORMAT=image/png&SRS=EPSG:2056&FORMAT_OPTIONS=dpi:300&STYLES=&LAYERS=ch.so.agi.hintergrundkarte_sw&OPACITIES=255": {
        "duration": 2.1057015629994567,
        "result": 200
      },
      "http://localhost:8082/ogc/somap314?CRS=EPSG:2056&REQUEST=GetMap&TRANSPARENT=true&WIDTH=1892&HEIGHT=1177&SERVICE=WMS&SRS=EPSG:2056&VERSION=1.3.0&DPI=96&OPACITIES=255&STYLES=&FORMAT=image/png&LAYERS=ch.so.agi.av.grundstuecke&BBOX=2606595.6250000005,1227402.6125,2608597.9916666667,1228648.2708333333&TILED=false&T=750": {
        "duration": 2.141653195001709,
        "result": 200
      },
      "http://localhost:8082/ogc/somap314?VERSION=1.3.0&BBOX=2600409.1595101007,1215429.0057070707,2600742.541489899,1215626.4982929293&T=675&SRS=EPSG:2056&REQUEST=GetMap&STYLES=&OPACITIES=255&LAYERS=ch.so.agi.grundbuchplan_oereb&DPI=300&TRANSPARENT=true&TILED=false&HEIGHT=1169&SERVICE=WMS&FORMAT=image/png&WIDTH=2055&CRS=EPSG:2056": {
        "duration": 2.15734662199975,
        "result": 200
      },
      "http://localhost:8082/ogc/somap314?VERSION=1.3.0&BBOX=2573813.75,1204674.375,2673932.083333333,1266957.2916666665&T=492&SRS=EPSG:2056&REQUEST=GetMap&STYLES=&OPACITIES=153,153&LAYERS=ch.so.afu.luftbelastung.feinstaub_2010,ch.so.afu.luftbelastung.stickstoffdioxid_2010&DPI=96&TRANSPARENT=true&TILED=false&HEIGHT=1177&SERVICE=WMS&FORMAT=image/png&WIDTH=1892&CRS=EPSG:2056": {
        "duration": 2.136287817997072,
        "result": 200
      },
      "http://localhost:8082/ogc/somap314?SERVICE=WMS&REQUEST=GetCapabilities": {
        "duration": 0.0722481409975444,
        "result": 200
      },
      "http://localhost:8082/ogc/somap314?CRS=EPSG:2056&T=675&SRS=EPSG:2056&REQUEST=GetMap&SERVICE=WMS&DPI=96&STYLES=&WIDTH=1920&HEIGHT=710&VERSION=1.3.0&FORMAT=image/png&TRANSPARENT=true&BBOX=2605392,1233953,2606408,1234329&TILED=false&LAYERS=ch.so.agi.gemeindegrenzen&OPACITIES=255": {
        "duration": 2.0662051910003356,
        "result": 200
      },
      "http://localhost:8082/ogc/somap314?LAYERS=ch.so.agi.hintergrundkarte_sw&HEIGHT=900&OPACITIES=255&SELECTION=ch.so.afu.geotope.flaechenobjekte:2144&REQUEST=GetMap&WIDTH=1800&STYLES=&SRS=EPSG:2056&BBOX=2603740.432290613,1231843.4310853197,2613169.242323269,1236557.8361016475&SERVICE=WMS&VERSION=1.3.0&FORMAT=image/png&FORMAT_OPTIONS=dpi:300": {
        "duration": 2.089007696999033,
        "result": 200
      },
      "http://localhost:8082/ogc/somap314?REQUEST=GetCapabilities&SERVICE=WMS": {
        "duration": 0.0807086540007731,
        "result": 200
      },
      "http://localhost:8082/ogc/somap314?FORMAT=image/png&OPACITIES=255&CRS=EPSG:2056&STYLES=&T=675&DPI=96&SERVICE=WMS&VERSION=1.3.0&WIDTH=1920&TILED=false&REQUEST=GetMap&TRANSPARENT=true&BBOX=2605392,1233953,2606408,1234329&HEIGHT=710&LAYERS=ch.so.agi.gemeindegrenzen&SRS=EPSG:2056": {
        "duration": 2.064748022999993,
        "result": 200
      },
      "http://localhost:8082/ogc/somap314?REQUEST=GetMap&FORMAT_OPTIONS=dpi:300&WIDTH=1800&HEIGHT=900&SERVICE=WMS&SRS=EPSG:2056&VERSION=1.3.0&SELECTION=ch.so.afu.geotope.flaechenobjekte:2144&OPACITIES=255&STYLES=&FORMAT=image/png&LAYERS=ch.so.agi.hintergrundkarte_sw&BBOX=2603740.432290613,1231843.4310853197,2613169.242323269,1236557.8361016475": {
        "duration": 2.088276620997931,
        "result": 200
      },
      "http://localhost:8082/ogc/somap314?FORMAT=image/png&STYLES=&CRS=EPSG:2056&TILED=false&VERSION=1.3.0&HEIGHT=1177&REQUEST=GetMap&TRANSPARENT=true&OPACITIES=255&LAYERS=ch.so.agi.av.grundstuecke&DPI=96&T=750&SRS=EPSG:2056&SERVICE=WMS&WIDTH=1892&BBOX=2606595.6250000005,1227402.6125,2608597.9916666667,1228648.2708333333": {
        "duration": 2.1106627369990747,
        "result": 200
      },
      "http://localhost:8082/ogc/somap314?BBOX=2603740.432290613,1231843.4310853197,2613169.242323269,1236557.8361016475&REQUEST=GetMap&SRS=EPSG:2056&FORMAT_OPTIONS=dpi:300&STYLES=&SELECTION=ch.so.afu.geotope.flaechenobjekte:2144&OPACITIES=255&LAYERS=ch.so.agi.hintergrundkarte_sw&VERSION=1.3.0&HEIGHT=900&SERVICE=WMS&FORMAT=image/png&WIDTH=1800": {
        "duration": 2.056275879000168,
        "result": 200
      },
      "http://localhost:8082/ogc/somap314?TILED=false&CRS=EPSG:2056&DPI=300&HEIGHT=1169&OPACITIES=255&SERVICE=WMS&REQUEST=GetMap&WIDTH=2055&LAYERS=ch.so.agi.hintergrundkarte_sw&STYLES=&T=675&SRS=EPSG:2056&TRANSPARENT=true&VERSION=1.3.0&FORMAT=image/png&BBOX=2600409.1595101007,1215429.0057070707,2600742.541489899,1215626.4982929293": {
        "duration": 2.1394608769987826,
        "result": 200
      },
      "http://localhost:8082/ogc/somap314?FORMAT=image/png&STYLES=&CRS=EPSG:2056&TILED=false&VERSION=1.3.0&HEIGHT=1169&REQUEST=GetMap&TRANSPARENT=true&OPACITIES=255&LAYERS=ch.so.agi.grundbuchplan_oereb&DPI=300&T=675&SRS=EPSG:2056&SERVICE=WMS&WIDTH=2055&BBOX=2600409.1595101007,1215429.0057070707,2600742.541489899,1215626.4982929293": {
        "duration": 2.1865494400008174,
        "result": 200
      },
      "http://localhost:8082/ogc/somap314?TILED=false&CRS=EPSG:2056&DPI=96&HEIGHT=710&OPACITIES=255&SERVICE=WMS&REQUEST=GetMap&WIDTH=1920&LAYERS=ch.so.agi.gemeindegrenzen&STYLES=&T=675&SRS=EPSG:2056&TRANSPARENT=true&VERSION=1.3.0&FORMAT=image/png&BBOX=2605392,1233953,2606408,1234329": {
        "duration": 2.035450520001177,
        "result": 200
      },
      "http://localhost:8082/ogc/somap314?VERSION=1.3.0&BBOX=2600409.1595101007,1215429.0057070707,2600742.541489899,1215626.4982929293&T=675&SRS=EPSG:2056&REQUEST=GetMap&STYLES=&OPACITIES=255&LAYERS=ch.so.agi.hintergrundkarte_sw&DPI=300&TRANSPARENT=true&TILED=false&HEIGHT=1169&SERVICE=WMS&FORMAT=image/png&WIDTH=2055&CRS=EPSG:2056": {
        "duration": 2.1522365390010236,
        "result": 200
      },
      "http://localhost:8082/ogc/somap314?CRS=EPSG:2056&REQUEST=GetMap&TRANSPARENT=true&WIDTH=1920&HEIGHT=710&SERVICE=WMS&SRS=EPSG:2056&VERSION=1.3.0&DPI=96&OPACITIES=255&STYLES=&FORMAT=image/png&LAYERS=ch.so.agi.gemeindegrenzen&BBOX=2605392,1233953,2606408,1234329&TILED=false&T=675": {
        "duration": 2.072150543001044,
        "result": 200
      },
      "http://localhost:8082/ogc/somap314?TILED=false&CRS=EPSG:2056&DPI=300&HEIGHT=1169&OPACITIES=255&SERVICE=WMS&REQUEST=GetMap&WIDTH=2055&LAYERS=ch.so.agi.grundbuchplan_oereb&STYLES=&T=675&SRS=EPSG:2056&TRANSPARENT=true&VERSION=1.3.0&FORMAT=image/png&BBOX=2600409.1595101007,1215429.0057070707,2600742.541489899,1215626.4982929293": {
        "duration": 2.155713984000613,
        "result": 200
      },
      "http://localhost:8082/ogc/somap314?CRS=EPSG:2056&REQUEST=GetMap&FORMAT_OPTIONS=dpi:96&WIDTH=1514&HEIGHT=851&SERVICE=WMS&VERSION=1.3.0&DPI=96&OPACITIES=255&STYLES=&FORMAT=image/jpeg&LAYERS=ch.so.agi.hintergrundkarte_ortho&BBOX=2614418.34213601891,1240387.75146049005,2616463.403778801672,1241538.01415580255&MAP_RESOLUTION=96": {
        "duration": 2.145104707000428,
        "result": 200
      },
      "http://localhost:8082/ogc/somap314?FORMAT=image/png&OPACITIES=153,153&CRS=EPSG:2056&STYLES=&T=492&DPI=96&SERVICE=WMS&VERSION=1.3.0&WIDTH=1892&TILED=false&REQUEST=GetMap&TRANSPARENT=true&BBOX=2573813.75,1204674.375,2673932.083333333,1266957.2916666665&HEIGHT=1177&LAYERS=ch.so.afu.luftbelastung.feinstaub_2010,ch.so.afu.luftbelastung.stickstoffdioxid_2010&SRS=EPSG:2056": {
        "duration": 2.1606838360021356,
        "result": 200
      },
      "http://localhost:8082/ogc/somap314?FORMAT=image/png&STYLES=&CRS=EPSG:2056&TILED=false&VERSION=1.3.0&HEIGHT=1177&REQUEST=GetMap&TRANSPARENT=true&OPACITIES=153,153&LAYERS=ch.so.afu.luftbelastung.feinstaub_2010,ch.so.afu.luftbelastung.stickstoffdioxid_2010&DPI=96&T=492&SRS=EPSG:2056&SERVICE=WMS&WIDTH=1892&BBOX=2573813.75,1204674.375,2673932.083333333,1266957.2916666665": {
        "duration": 2.1446760750004614,
        "result": 200
      },
      "http://localhost:8082/ogc/somap314?TILED=false&CRS=EPSG:2056&DPI=96&HEIGHT=1177&OPACITIES=153,153&SERVICE=WMS&REQUEST=GetMap&WIDTH=1892&LAYERS=ch.so.afu.luftbelastung.feinstaub_2010,ch.so.afu.luftbelastung.stickstoffdioxid_2010&STYLES=&T=492&SRS=EPSG:2056&TRANSPARENT=true&VERSION=1.3.0&FORMAT=image/png&BBOX=2573813.75,1204674.375,2673932.083333333,1266957.2916666665": {
        "duration": 2.1449330280011054,
        "result": 200
      },
      "http://localhost:8082/ogc/somap314?VERSION=1.3.0&BBOX=2605392,1233953,2606408,1234329&T=675&SRS=EPSG:2056&REQUEST=GetMap&STYLES=&OPACITIES=255&LAYERS=ch.so.agi.gemeindegrenzen&DPI=96&TRANSPARENT=true&TILED=false&HEIGHT=710&SERVICE=WMS&FORMAT=image/png&WIDTH=1920&CRS=EPSG:2056": {
        "duration": 2.085613896997529,
        "result": 200
      },
      "http://localhost:8082/ogc/somap314?VERSION=1.3.0&SERVICE=WMS&REQUEST=GetCapabilities": {
        "duration": 0.07831424700270873,
        "result": 200
      },
      "http://localhost:8082/ogc/somap314?STYLES=&FORMAT=image/png&SELECTION=ch.so.afu.geotope.flaechenobjekte:2144&FORMAT_OPTIONS=dpi:300&OPACITIES=255&VERSION=1.3.0&REQUEST=GetMap&HEIGHT=900&LAYERS=ch.so.agi.hintergrundkarte_sw&SRS=EPSG:2056&SERVICE=WMS&WIDTH=1800&BBOX=2603740.432290613,1231843.4310853197,2613169.242323269,1236557.8361016475": {
        "duration": 2.1735885250018327,
        "result": 200
      },
      "http://localhost:8082/ogc/somap314?VERSION=1.3.0&BBOX=2606595.6250000005,1227402.6125,2608597.9916666667,1228648.2708333333&T=750&SRS=EPSG:2056&REQUEST=GetMap&STYLES=&OPACITIES=255&LAYERS=ch.so.agi.av.grundstuecke&DPI=96&TRANSPARENT=true&TILED=false&HEIGHT=1177&SERVICE=WMS&FORMAT=image/png&WIDTH=1892&CRS=EPSG:2056": {
        "duration": 2.13824200900126,
        "result": 200
      }
    },
    "error": {
      "http://localhost:8082/ogc/somap314": {
        "duration": 0.004177852999418974,
        "result": "<ServiceExceptionReport xmlns=\"http://www.opengis.net/ogc\" version=\"1.3.0\">\n <ServiceException code=\"Service configuration error\">Service unknown or unsupported. Current supported services (case-sensitive): WMS WFS WCS WMTS SampleService, or use a WFS3 (OGC API Features) endpoint</ServiceException>\n</ServiceExceptionReport>\n"
      }
    }
  }
}